Symbol,Price~,Type,Strike,"Exp Date",DTE,Bid,Mid,Ask,Last,Volume,"Open Int",Vol/OI,IV,Delta,Time
PLTR,82.38,Put,84,2024-12-27,3,2.34,2.4,2.46,2.33,12580,132,95.3,48.76%,-0.66022,2024-12-24
CSCO,59.85,Call,61,2025-01-03,10,0.12,0.13,0.13,0.12,11598,238,48.73,12.27%,0.182852,2024-12-24
NVDA,140.22,Put,141,2025-01-17,24,5.55,5.63,5.7,5.8,17324,374,46.32,37.62%,-0.495162,2024-12-24
AAL,17.35,Put,20,2025-12-19,360,4.1,4.18,4.25,4.2,6042,137,44.1,40.43%,-0.548463,2024-12-24
AFRM,65.9,Call,65,2025-01-03,10,2.85,3.05,3.25,2.85,9303,217,42.87,53.94%,0.583936,2024-12-24
PLTR,82.38,Put,82,2024-12-27,3,1.24,1.29,1.33,1.33,26090,627,41.61,51.29%,-0.448685,2024-12-24
GME,31.14,Call,38.5,2024-12-27,3,0.11,0.12,0.13,0.12,4024,106,37.96,150.03%,0.067813,2024-12-24
RIOT,11.67,Call,28,2025-01-17,24,0.03,0.1,0.17,0.1,4628,131,35.33,182.37%,0.051394,2024-12-24
PLTR,82.38,Put,85,2024-12-27,3,3.05,3.13,3.2,3.45,8278,285,29.05,48.88%,-0.75183,2024-12-24
AFRM,65.9,Put,65,2025-01-03,10,1.91,1.95,1.99,1.95,9377,333,28.16,55.66%,-0.418459,2024-12-24
AAPL,258.2,Call,267.5,2025-01-17,24,1.13,1.18,1.23,1.2,3843,150,25.62,15.50%,0.210347,2024-12-24
MO,53.47,Call,35,2026-01-16,388,17.4,18.13,18.85,18.6,7880,318,24.78,36.92%,0.945964,2024-12-24
LUV,34.35,Call,34.5,2024-12-27,3,0.14,0.15,0.16,0.14,6766,281,24.08,16.37%,0.392099,2024-12-24
BBAI,3.73,Put,4,2027-01-15,752,2.25,2.63,3,2.25,2399,100,23.99,117.14%,-0.209861,2024-12-24
PLTR,82.38,Put,83,2024-12-27,3,1.61,1.75,1.89,1.83,14702,614,23.94,50.65%,-0.553446,2024-12-24
SNOW,163.06,Call,167.5,2025-01-03,10,1.67,1.83,1.99,1.72,2701,117,23.09,31.47%,0.320243,2024-12-24
ARQT,14.99,Call,20,2025-01-17,24,0,0.2,0.4,0.21,3755,169,22.22,90.43%,0.132355,2024-12-24
AAPL,258.2,Put,257.5,2024-12-27,3,0.9,0.92,0.94,0.92,21540,982,21.93,13.62%,-0.402186,2024-12-24
MO,53.47,Call,37.5,2025-06-20,178,14,15.1,16.2,15.95,5160,242,21.32,42.25%,0.920936,2024-12-24
MO,53.47,Call,35,2025-01-17,24,17.55,18.13,18.7,18.6,47585,2403,19.8,98.66%,0.965994,2024-12-24
MO,53.47,Call,42.5,2025-01-17,24,11,11.3,11.6,11,6975,359,19.43,49.95%,0.974823,2024-12-24
MO,53.47,Call,40,2025-01-17,24,12.55,14.05,15.55,13.5,24630,1277,19.29,61.08%,0.978702,2024-12-24
SMCI,34.33,Call,37.5,2025-01-03,10,0.71,0.74,0.77,0.75,5903,307,19.23,81.20%,0.280558,2024-12-24
COIN,279.62,Call,290,2025-01-03,10,7.05,7.2,7.35,7.22,9315,501,18.59,61.49%,0.383757,2024-12-24
MO,53.47,Call,37.5,2025-01-17,24,15.05,16.03,17,16,5160,289,17.85,72.76%,0.981471,2024-12-24
MO,53.47,Call,40,2025-06-20,178,12.5,13.08,13.65,13.6,48110,2792,17.23,33.84%,0.933802,2024-12-24
MO,53.47,Call,50,2025-01-17,24,3.5,3.58,3.65,3.55,121004,7142,16.94,21.03%,0.905004,2024-12-24
DKNG,38.57,Call,39.5,2024-12-27,3,0.16,0.18,0.19,0.17,7474,446,16.76,35.43%,0.237414,2024-12-24
MO,53.47,Call,40,2026-01-16,388,13.45,14.45,15.45,13.45,37700,2261,16.67,44.05%,0.788146,2024-12-24
MO,53.47,Call,45,2025-01-17,24,7.6,8.3,9,8.58,77806,4682,16.62,45.76%,0.940596,2024-12-24
MO,53.47,Call,47.5,2025-01-17,24,5.9,6.05,6.2,6.06,96674,5842,16.55,32.98%,0.930948,2024-12-24
VZ,39.8,Put,39,2025-01-24,31,0.83,0.87,0.91,0.81,3656,222,16.47,26.27%,-0.387736,2024-12-24
NFLX,932.12,Call,947.5,2024-12-27,3,3.9,4.1,4.3,4.2,1670,104,16.06,29.33%,0.277983,2024-12-24
MO,53.47,Call,45,2025-03-21,87,8.5,8.58,8.65,8.55,4803,300,16.01,26.89%,0.937565,2024-12-24
MO,53.47,Call,42.5,2025-06-20,178,10,10.58,11.15,11.1,34400,2152,15.99,28.17%,0.923941,2024-12-24
TSLA,462.28,Put,447.5,2024-12-27,3,3.3,3.38,3.45,3.35,16253,1045,15.55,54.05%,-0.243808,2024-12-24
F,10.02,Call,9.5,2025-01-17,24,0.65,0.67,0.68,0.66,5437,351,15.49,34.78%,0.73599,2024-12-24
NKE,76.79,Call,79,2025-01-24,31,1.17,1.35,1.52,1.22,2176,142,15.32,23.10%,0.359561,2024-12-24
MO,53.47,Call,37.5,2026-01-16,388,15.35,15.98,16.6,15.85,1600,105,15.24,38.42%,0.866465,2024-12-24
CRM,344.43,Call,370,2025-01-03,10,0.11,0.16,0.2,0.1,1697,112,15.15,22.65%,0.031211,2024-12-24
MO,53.47,Call,30,2025-01-17,24,22.55,23.1,23.65,23.6,1605,109,14.72,129.24%,0.973493,2024-12-24
MO,53.47,Call,42.5,2025-09-19,269,9.7,11.2,12.7,11.08,16500,1181,13.97,24.75%,0.914673,2024-12-24
FHN,20.35,Call,20,2026-01-16,388,2.65,2.83,3,2.67,2200,159,13.84,29.47%,0.584326,2024-12-24
QS,5.37,Call,10,2025-08-15,234,0.63,0.76,0.88,0.68,3194,233,13.71,96.59%,0.35129,2024-12-24
SMCI,34.33,Put,34.5,2024-12-27,3,0.92,1,1.08,0.9,4252,311,13.67,73.80%,-0.514427,2024-12-24
TSLA,462.28,Put,452.5,2024-12-27,3,4.7,4.8,4.9,4.93,11480,854,13.44,53.79%,-0.319449,2024-12-24
OPK,1.51,Call,1.5,2025-09-19,269,0.2,0.28,0.35,0.35,1904,143,13.31,64.04%,0.634756,2024-12-24
TXT,77.24,Call,90,2025-03-21,87,0.35,0.43,0.5,0.35,3000,232,12.93,21.51%,0.095874,2024-12-24
KULR,3.42,Call,4,2025-02-21,59,1,1.03,1.05,1.05,1491,117,12.74,228.76%,0.616877,2024-12-24
CLOV,3.19,Put,3,2025-01-31,38,0.18,0.22,0.25,0.19,1706,136,12.54,70.49%,-0.34449,2024-12-24
XPEV,12.98,Call,14,2025-01-10,17,0.35,0.36,0.37,0.37,2161,175,12.35,66.10%,0.328196,2024-12-24
UPST,68.51,Call,73,2025-01-03,10,1.44,1.58,1.72,1.6,1240,102,12.16,71.85%,0.321165,2024-12-24
PM,122.91,Call,90,2025-01-17,24,32.7,32.9,33.1,33.24,2770,231,11.99,66.50%,0.972025,2024-12-24
PLCE,9.9,Call,10,2025-01-17,24,0.75,0.83,0.9,0.84,1458,122,11.95,92.31%,0.512011,2024-12-24
ACHR,10.8,Put,10.5,2024-12-27,3,0.25,0.28,0.3,0.25,1837,154,11.93,99.41%,-0.359029,2024-12-24
LUNR,16.65,Call,25,2025-02-21,59,1.2,1.25,1.3,1.2,1284,109,11.78,124.25%,0.291283,2024-12-24
OKLO,23.61,Call,35,2025-02-21,59,1.55,1.6,1.65,1.5,1338,116,11.53,119.08%,0.285005,2024-12-24
PM,122.91,Call,97.5,2025-01-17,24,25.3,25.45,25.6,25.8,7900,708,11.16,42.26%,0.986583,2024-12-24
PLTR,82.38,Put,82,2025-01-10,17,3.6,3.7,3.8,3.85,1147,103,11.14,56.00%,-0.455515,2024-12-24
ALTM,5.26,Put,3,2026-01-16,388,0.05,0.13,0.2,0.2,5050,456,11.07,59.51%,-0.099377,2024-12-24
NVDA,140.22,Put,165,2025-07-18,206,33.5,33.85,34.2,33.62,2017,183,11.02,46.48%,-0.607949,2024-12-24
MO,53.47,Call,42.5,2026-01-16,388,10.95,11.08,11.2,10.95,19200,1835,10.46,24.20%,0.883344,2024-12-24
TSLA,462.28,Put,245,2025-01-03,10,0.14,0.16,0.18,0.17,7475,715,10.45,153.62%,-0.004294,2024-12-24
PM,122.91,Call,100,2025-01-17,24,22.7,22.85,23,23.1,25271,2445,10.34,41.68%,0.976578,2024-12-24
PBI,7.36,Call,7,2025-02-21,59,0.85,0.9,0.95,0.9,1000,100,10,60.83%,0.629966,2024-12-24
TSLA,462.28,Put,445,2024-12-27,3,2.77,2.82,2.86,2.82,26100,2642,9.88,54.66%,-0.211835,2024-12-24
PM,122.91,Call,110,2025-01-17,24,12.8,12.9,13,13.1,57018,5940,9.6,24.31%,0.964869,2024-12-24
COST,958.82,Call,970,2024-12-27,3,1.17,1.34,1.5,1.34,4068,424,9.59,14.36%,0.1949,2024-12-24
JWN,24.21,Put,23,2025-04-17,114,0,0.08,0.15,0.15,1855,196,9.46,11.10%,-0.179337,2024-12-24
PM,122.91,Call,95,2025-01-17,24,27.7,27.85,28,28.18,10081,1067,9.45,50.80%,0.979742,2024-12-24
RBLX,59.56,Call,60,2025-01-24,31,2.29,2.46,2.63,2.52,1007,107,9.41,37.87%,0.509009,2024-12-24
RUM,12.68,Call,14.5,2024-12-27,3,0.2,0.23,0.25,0.24,2338,252,9.28,175.29%,0.222909,2024-12-24
PM,122.91,Call,105,2025-01-17,24,17.8,17.9,18,18.1,23224,2558,9.08,32.88%,0.972083,2024-12-24
PLTR,82.38,Call,83,2025-01-17,24,4.7,4.78,4.85,4.8,1281,142,9.02,59.13%,0.517998,2024-12-24
ABR,14.03,Put,12,2025-02-21,59,0.2,0.23,0.25,0.24,6152,682,9.02,42.40%,-0.171792,2024-12-24
BBAI,3.73,Call,3.5,2027-01-15,752,2.15,2.28,2.4,2.1,11009,1222,9.01,111.94%,0.815429,2024-12-24
NCLH,26.42,Put,26,2025-03-21,87,1.99,2.05,2.11,2.17,1636,184,8.89,46.59%,-0.413928,2024-12-24
TSLA,462.28,Put,255,2025-01-10,17,0.34,0.44,0.53,0.4,2025,229,8.84,123.61%,-0.008889,2024-12-24
RXRX,7.24,Call,8,2025-01-17,24,0.45,0.5,0.55,0.55,2359,270,8.74,112.17%,0.423323,2024-12-24
TSLA,462.28,Call,462.5,2025-01-17,24,30.9,31.05,31.2,30.95,944,109,8.66,64.43%,0.538622,2024-12-24
TSLA,462.28,Call,457.5,2025-01-17,24,33.25,33.4,33.55,32.8,1170,136,8.6,64.49%,0.564648,2024-12-24
PLTR,82.38,Put,81.5,2024-12-27,3,1.01,1.08,1.14,1.06,3479,409,8.51,49.57%,-0.394302,2024-12-24
PM,122.91,Call,92.5,2025-01-17,24,30.2,30.4,30.6,30.6,6610,777,8.51,61.36%,0.970253,2024-12-24
TSLA,462.28,Call,447.5,2025-01-03,10,28.05,28.2,28.35,28.11,2039,249,8.19,65.02%,0.643126,2024-12-24
PM,122.91,Call,115,2025-01-17,24,7.8,7.9,8,8.3,17260,2110,8.18,15.81%,0.951036,2024-12-24
FCX,39.22,Call,43,2025-05-16,143,2.29,2.32,2.35,2.31,822,103,7.98,36.82%,0.404261,2024-12-24
TSLA,462.28,Call,462.5,2025-01-03,10,19.8,20.18,20.55,20.25,1448,182,7.96,65.86%,0.524328,2024-12-24
COIN,279.62,Call,267.5,2025-01-03,10,17.6,18.43,19.25,20,1315,166,7.92,61.62%,0.690463,2024-12-24
TSLA,462.28,Call,447.5,2024-12-27,3,18.25,18.43,18.6,18.43,22099,2828,7.81,55.15%,0.752422,2024-12-24
TSLA,462.28,Call,457.5,2025-01-03,10,22.55,22.68,22.8,22.42,1593,206,7.73,65.61%,0.563934,2024-12-24
TSLA,462.28,Put,442.5,2024-12-27,3,2.27,2.33,2.39,2.38,7975,1032,7.73,55.42%,-0.183551,2024-12-24
TSLA,462.28,Call,452.5,2025-01-03,10,25.1,25.38,25.65,25.36,2634,342,7.7,65.55%,0.603454,2024-12-24
ACHR,10.8,Put,10.5,2025-01-03,10,0.6,0.65,0.7,0.64,901,119,7.57,111.96%,-0.401316,2024-12-24
NKE,76.79,Put,67.5,2025-02-21,59,0.29,0.31,0.32,0.33,7467,999,7.47,24.79%,-0.083724,2024-12-24
NFLX,932.12,Call,940,2024-12-27,3,6.1,6.3,6.5,6.4,5246,707,7.42,28.69%,0.383217,2024-12-24
TSLA,462.28,Call,455,2024-12-27,3,13.1,13.3,13.5,13.15,31483,4297,7.33,53.92%,0.639273,2024-12-24
AMC,4.06,Call,8,2025-02-21,59,0.2,0.21,0.21,0.2,2315,318,7.28,145.95%,0.194457,2024-12-24
DG,74.64,Call,76,2025-01-03,10,0.88,0.93,0.98,0.89,1021,141,7.24,29.41%,0.366685,2024-12-24
AFRM,65.9,Put,65,2025-01-17,24,3.75,3.8,3.85,3.8,6567,913,7.19,64.53%,-0.428813,2024-12-24
RUM,12.68,Call,15.5,2024-12-27,3,0,0.08,0.15,0.2,1466,207,7.08,209.91%,0.168958,2024-12-24
AVGO,239.68,Call,237.5,2025-01-03,10,6.85,6.95,7.05,7,2289,325,7.04,36.35%,0.57802,2024-12-24
MO,53.47,Put,55,2024-12-27,3,2.12,3.04,3.95,2.29,10032,1430,7.02,70.61%,-0.659678,2024-12-24
RGTI,11.35,Call,16,2025-01-17,24,0.7,0.75,0.8,0.8,1364,195,6.99,178.09%,0.302428,2024-12-24
DLTR,73.38,Call,80,2025-01-03,10,0.12,0.15,0.17,0.15,1206,173,6.97,35.63%,0.078516,2024-12-24
TSLA,462.28,Call,452.5,2024-12-27,3,14.7,14.85,15,14.75,23350,3369,6.93,53.89%,0.680636,2024-12-24
TSLA,462.28,Call,452.5,2025-01-17,24,35.75,35.98,36.2,35.02,1179,171,6.89,64.54%,0.590635,2024-12-24
NVDA,140.22,Put,141,2024-12-27,3,1.71,1.77,1.82,1.78,27463,4055,6.77,27.15%,-0.580286,2024-12-24
TSLA,462.28,Call,472.5,2025-01-03,10,15.85,15.95,16.05,15.7,938,139,6.75,66.23%,0.446755,2024-12-24
AAPL,258.2,Put,242.5,2025-01-17,24,0.8,0.81,0.82,0.83,2544,378,6.73,21.55%,-0.114074,2024-12-24
TSLA,462.28,Put,440,2024-12-27,3,1.93,1.96,2,1.95,36131,5379,6.72,55.67%,-0.156154,2024-12-24
MRVL,115.95,Call,135,2025-09-19,269,13.9,14.28,14.65,14,2005,301,6.66,49.33%,0.468823,2024-12-24
T,22.95,Call,23.5,2025-01-17,24,0.13,0.15,0.16,0.13,1453,220,6.6,14.23%,0.261227,2024-12-24
OXY,48.12,Put,32.5,2025-06-20,178,0.2,0.26,0.32,0.3,3000,455,6.59,38.39%,-0.050098,2024-12-24
AMZN,229.05,Call,242.5,2025-01-17,24,1.24,1.27,1.3,1.27,690,105,6.57,22.52%,0.181383,2024-12-24
RGTI,11.35,Call,25,2025-02-21,59,0.65,0.7,0.75,0.7,2509,383,6.55,170.56%,0.212334,2024-12-24
AVGO,239.68,Call,257.5,2025-01-03,10,1.07,1.1,1.12,1.06,838,129,6.5,38.87%,0.142658,2024-12-24
QUBT,17.09,Call,17.5,2024-12-27,3,0.75,0.78,0.8,0.76,2236,345,6.48,151.38%,0.460397,2024-12-24
RDDT,177.41,Call,200,2025-01-03,10,0.84,1.04,1.23,1.06,1577,244,6.46,60.01%,0.126092,2024-12-24
MARA,20.15,Put,17,2025-01-31,38,1.03,1.1,1.16,1.06,1021,159,6.42,98.03%,-0.239435,2024-12-24
ACLS,72.1,Call,75,2025-01-17,24,2.3,3.05,3.8,2.35,2565,401,6.4,47.05%,0.403998,2024-12-24
RKLB,26.6,Call,32,2025-01-03,10,0.1,0.15,0.2,0.15,1022,160,6.39,80.60%,0.095125,2024-12-24
CMCSA,38.4,Call,38.5,2024-12-27,3,0.13,0.15,0.17,0.16,3728,589,6.33,14.72%,0.427989,2024-12-24
TSLA,462.28,Call,300,2025-01-03,10,162.3,163.18,164.05,157.83,2441,390,6.26,126.31%,0.985304,2024-12-24
MSTR,358.18,Call,520,2025-01-03,10,0.85,0.95,1.04,0.9,662,106,6.25,117.51%,0.034905,2024-12-24
UBER,61.71,Put,47.5,2025-08-15,234,1.85,1.93,2.01,2.01,1108,178,6.22,42.46%,-0.15655,2024-12-24
GME,31.14,Put,25,2025-02-21,59,1.53,1.59,1.64,1.58,1527,246,6.21,87.74%,-0.211176,2024-12-24
RDDT,177.41,Call,180,2024-12-27,3,1.94,2.17,2.4,2.42,4599,742,6.2,50.75%,0.388092,2024-12-24
MSTR,358.18,Call,357.5,2024-12-27,3,10.1,10.58,11.05,10.25,1810,293,6.18,76.07%,0.526789,2024-12-24
DELL,118.94,Put,113,2025-01-17,24,1.56,1.71,1.85,1.69,645,106,6.08,34.08%,-0.258118,2024-12-24
LUNR,16.65,Put,14.5,2025-01-03,10,0.25,0.3,0.35,0.3,692,114,6.07,101.91%,-0.181307,2024-12-24
MDB,243,Put,240,2025-01-03,10,3.75,4.3,4.85,4,1541,254,6.07,34.34%,-0.395875,2024-12-24
MU,89.28,Call,93,2025-01-03,10,0.61,0.63,0.65,0.62,3304,546,6.05,31.75%,0.232424,2024-12-24
NVDA,140.22,Put,138,2024-12-27,3,0.6,0.62,0.63,0.61,65520,10931,5.99,29.30%,-0.265696,2024-12-24
CORZ,14.96,Put,14,2025-01-03,10,0.2,0.23,0.25,0.32,1078,182,5.92,61.63%,-0.238385,2024-12-24
WYNN,88.78,Call,91,2024-12-27,3,0.13,0.14,0.15,0.14,1338,227,5.89,24.67%,0.139755,2024-12-24
IREN,11.81,Call,14,2025-01-24,31,0.6,0.68,0.75,0.65,829,141,5.88,99.39%,0.333758,2024-12-24
AAPL,258.2,Put,260,2024-12-27,3,2.05,2.2,2.34,2.3,4531,771,5.88,13.31%,-0.711266,2024-12-24
U,22.8,Call,23,2024-12-27,3,0.34,0.41,0.48,0.5,2408,410,5.87,60.40%,0.450004,2024-12-24
MTCH,33.22,Call,37.5,2025-09-19,269,2.53,2.79,3.05,3,750,128,5.86,36.97%,0.450817,2024-12-24
TSLA,462.28,Put,437.5,2024-12-27,3,1.61,1.64,1.67,1.65,7802,1343,5.81,56.64%,-0.134582,2024-12-24
MARA,20.15,Call,20.5,2025-01-10,17,1.33,1.41,1.48,1.4,870,150,5.8,88.78%,0.506551,2024-12-24
VZ,39.8,Call,40,2025-01-24,31,0.65,0.77,0.89,0.79,2895,501,5.78,19.81%,0.465099,2024-12-24
TSLA,462.28,Put,455,2024-12-27,3,5.55,5.65,5.75,5.75,7359,1278,5.76,54.14%,-0.361608,2024-12-24
TSLA,462.28,Put,250,2025-01-03,10,0.18,0.19,0.19,0.18,8862,1543,5.74,150.10%,-0.004627,2024-12-24
QS,5.37,Call,6,2025-01-10,17,0.21,0.22,0.23,0.22,11336,1989,5.7,95.39%,0.334982,2024-12-24
NVDA,140.22,Put,142,2024-12-27,3,2.29,2.41,2.53,2.4,17714,3112,5.69,26.60%,-0.692374,2024-12-24
SMCI,34.33,Call,36.5,2025-01-03,10,0.95,0.98,1.01,1,710,125,5.68,80.29%,0.349793,2024-12-24
TSLA,462.28,Call,555,2025-01-03,10,1.72,1.76,1.79,1.68,699,124,5.64,72.78%,0.073895,2024-12-24
MARA,20.15,Call,22.5,2025-01-31,38,1.67,1.78,1.89,1.84,1514,274,5.53,103.64%,0.440801,2024-12-24
WMT,92.68,Put,94,2025-01-03,10,1.7,1.75,1.79,1.9,2236,404,5.53,16.21%,-0.690355,2024-12-24
WMT,92.68,Call,92,2024-12-27,3,0.92,0.95,0.97,0.92,19609,3574,5.49,14.61%,0.720306,2024-12-24
RIOT,11.67,Call,14,2025-01-31,38,0.86,0.88,0.9,0.85,2045,379,5.4,109.42%,0.372183,2024-12-24
OSCR,13.4,Call,17,2025-02-21,59,0.65,0.7,0.75,0.66,1170,217,5.39,79.68%,0.287616,2024-12-24
MSTR,358.18,Call,355,2024-12-27,3,11.5,11.85,12.2,12,3748,707,5.3,79.61%,0.565372,2024-12-24
AMD,126.29,Call,132,2025-01-17,24,2.97,3.04,3.1,3.02,1714,324,5.29,39.92%,0.362011,2024-12-24
LUNR,16.65,Put,16,2024-12-27,3,0.3,0.35,0.4,0.32,1411,269,5.25,100.11%,-0.312908,2024-12-24
TSM,206.33,Call,210,2024-12-27,3,0.74,0.75,0.76,0.75,20596,3953,5.21,27.56%,0.247595,2024-12-24
ARM,131.79,Call,131,2024-12-27,3,2.09,2.27,2.45,2.1,2107,405,5.2,34.69%,0.586388,2024-12-24
PLTR,82.38,Put,81,2024-12-27,3,0.86,0.88,0.89,0.9,6634,1276,5.2,49.85%,-0.343395,2024-12-24
QS,5.37,Call,5.5,2025-01-03,10,0.22,0.23,0.24,0.24,9680,1860,5.2,83.07%,0.461508,2024-12-24
CNQ,30.25,Call,40,2027-01-15,752,1.55,1.73,1.9,1.55,868,168,5.17,26.96%,0.259374,2024-12-24
TSLA,462.28,Put,450,2024-12-27,3,3.85,3.97,4.1,3.95,41162,7971,5.16,53.38%,-0.278572,2024-12-24
NVDA,140.22,Call,200,2025-01-31,38,0.11,0.13,0.14,0.15,524,102,5.14,49.11%,0.016489,2024-12-24
PLTR,82.38,Call,83,2025-01-03,10,2.64,2.71,2.77,2.71,4330,846,5.12,54.33%,0.489931,2024-12-24
SMCI,34.33,Call,33.5,2025-01-03,10,2.19,2.25,2.31,2.28,1324,259,5.11,81.03%,0.601957,2024-12-24
PLTR,82.38,Call,84,2025-01-10,17,3.4,3.45,3.5,3.45,1327,260,5.1,57.83%,0.469114,2024-12-24
RGTI,11.35,Put,11.5,2025-01-03,10,1.25,1.38,1.5,1.32,662,130,5.09,166.27%,-0.462852,2024-12-24
MO,53.47,Call,54,2025-01-17,24,0.25,0.33,0.41,0.34,1134,223,5.09,10.96%,0.34565,2024-12-24
C,71,Put,71,2025-01-03,10,0.57,0.69,0.8,0.78,1062,210,5.06,16.87%,-0.490341,2024-12-24
SMCI,34.33,Call,34.5,2024-12-27,3,0.76,0.79,0.81,0.8,6062,1198,5.06,70.45%,0.48411,2024-12-24
UAL,101.16,Call,105,2025-09-19,269,16.45,16.63,16.8,16.55,1204,239,5.04,57.58%,0.529725,2024-12-24
CVX,143.84,Put,170,2025-01-17,24,25.9,26.35,26.8,26.41,880,175,5.03,38.50%,-0.94946,2024-12-24
AMZN,229.05,Call,237.5,2025-01-17,24,2.12,2.36,2.59,2.3,869,174,4.99,22.27%,0.289096,2024-12-24
IONQ,44.58,Call,44.5,2024-12-27,3,1.76,1.96,2.15,1.85,723,146,4.95,111.91%,0.528676,2024-12-24
LUNR,16.65,Call,16.5,2024-12-27,3,0.6,0.65,0.7,0.65,6669,1361,4.9,94.91%,0.560545,2024-12-24
AMZN,229.05,Put,227.5,2025-01-03,10,2.2,2.26,2.31,2.25,1011,208,4.86,20.32%,-0.40251,2024-12-24
NVDA,140.22,Call,142,2025-01-03,10,2.31,2.34,2.37,2.3,51772,10698,4.84,33.07%,0.42796,2024-12-24
AAPL,258.2,Put,257.5,2025-01-03,10,1.83,1.91,1.99,1.96,1386,287,4.83,14.11%,-0.434886,2024-12-24
MA,535.71,Call,537.5,2024-12-27,3,1.28,1.58,1.87,1.42,2912,606,4.81,10.99%,0.382791,2024-12-24
TSLA,462.28,Put,402.5,2025-01-03,10,2.37,2.47,2.56,2.4,827,173,4.78,67.20%,-0.095047,2024-12-24
NIO,4.62,Call,5.5,2025-01-17,24,0.09,0.1,0.1,0.1,1600,335,4.78,75.46%,0.214842,2024-12-24
PLTR,82.38,Put,84,2025-01-10,17,4.8,4.85,4.9,4.87,525,110,4.77,57.20%,-0.533477,2024-12-24
CLSK,10.66,Call,12.5,2025-01-10,17,0.31,0.33,0.35,0.33,940,197,4.77,98.99%,0.264616,2024-12-24
MSTR,358.18,Put,355,2024-12-27,3,7.5,7.68,7.85,7.85,2688,563,4.77,72.95%,-0.43156,2024-12-24
TSLA,462.28,Call,457.5,2024-12-27,3,11.55,11.78,12,11.75,9919,2078,4.77,54.52%,0.595705,2024-12-24
COIN,279.62,Call,275,2025-01-03,10,13.4,13.7,14,13.82,891,188,4.74,61.08%,0.589826,2024-12-24
PLTR,82.38,Put,82,2025-01-03,10,2.6,2.65,2.7,2.67,1924,407,4.73,53.42%,-0.45731,2024-12-24
PLTR,82.38,Put,83,2025-01-03,10,3.1,3.18,3.25,3.15,1284,275,4.67,52.70%,-0.512774,2024-12-24
RILY,4.85,Put,6,2025-01-03,10,1.2,1.28,1.35,1.25,4215,903,4.67,114.79%,-0.849277,2024-12-24
CVS,44.25,Call,45,2026-12-18,724,8.7,8.83,8.95,8.85,4619,1002,4.61,42.17%,0.552582,2024-12-24
VFC,21.88,Call,22,2025-01-17,24,0.96,1.1,1.23,1.01,574,126,4.56,46.90%,0.511179,2024-12-24
QBTS,7.95,Put,7,2025-01-03,10,0.5,0.53,0.55,0.57,1299,285,4.56,188.73%,-0.285399,2024-12-24
NFLX,932.12,Call,965,2024-12-27,3,1.13,1.37,1.6,1.5,1502,331,4.54,31.41%,0.116881,2024-12-24
RUM,12.68,Call,15,2024-12-27,3,0.15,0.18,0.2,0.2,6353,1402,4.53,187.51%,0.183687,2024-12-24
AMD,126.29,Put,126,2025-01-17,24,4.6,4.68,4.75,4.85,540,120,4.5,38.57%,-0.462378,2024-12-24
VZ,39.8,Put,39,2025-02-21,59,1.08,1.14,1.2,1.05,755,168,4.49,23.07%,-0.405623,2024-12-24
AMZN,229.05,Call,190,2025-01-10,17,39.55,39.7,39.85,39.21,1033,231,4.47,47.31%,0.97138,2024-12-24
BAC,44.38,Put,44.5,2025-01-17,24,1.16,1.17,1.19,1.19,797,180,4.43,25.46%,-0.496849,2024-12-24
AMD,126.29,Put,114,2025-01-17,24,1.03,1.05,1.07,1.09,1084,246,4.41,40.98%,-0.146584,2024-12-24
ZS,187.26,Put,145,2025-03-21,87,2.32,2.42,2.52,2.56,3917,893,4.39,47.76%,-0.10491,2024-12-24
TSLA,462.28,Call,460,2024-12-27,3,10.3,10.4,10.5,10.45,53388,12228,4.37,55.04%,0.552187,2024-12-24
QUBT,17.09,Put,17,2024-12-27,3,1,1.03,1.05,1.02,3726,854,4.36,173.66%,-0.453838,2024-12-24
NFLX,932.12,Call,935,2024-12-27,3,8,8.25,8.5,8.3,1846,425,4.34,28.20%,0.462563,2024-12-24
PLTR,82.38,Put,85,2025-01-03,10,4.25,4.35,4.45,4.84,979,226,4.33,52.68%,-0.620354,2024-12-24
PLTR,82.38,Call,84,2024-12-27,3,0.85,0.88,0.9,0.87,23992,5554,4.32,51.06%,0.348307,2024-12-24
SMCI,34.33,Call,37,2025-01-24,31,2.41,2.57,2.72,2.56,1280,300,4.27,89.41%,0.44324,2024-12-24
SMCI,34.33,Call,34,2024-12-27,3,1,1.03,1.05,1.02,16862,4009,4.21,67.83%,0.576767,2024-12-24
NVDA,140.22,Call,142,2024-12-27,3,0.76,0.78,0.79,0.77,141696,33843,4.19,28.94%,0.324803,2024-12-24
TSLA,462.28,Call,477.5,2025-01-03,10,14,14.1,14.2,14.05,609,146,4.17,66.31%,0.409248,2024-12-24
FL,21.79,Put,22.5,2026-01-16,388,4.4,4.55,4.7,4.6,963,232,4.15,45.98%,-0.427232,2024-12-24
META,607.75,Call,605,2024-12-27,3,6.05,6.28,6.5,6.45,10467,2532,4.13,22.04%,0.600015,2024-12-24
VOD,8.43,Call,9,2025-02-21,59,0.19,0.2,0.2,0.19,511,124,4.12,31.52%,0.299994,2024-12-24
NFLX,932.12,Put,902.5,2024-12-27,3,1.24,1.38,1.52,1.37,707,172,4.11,29.81%,-0.111115,2024-12-24
SMCI,34.33,Put,32.5,2024-12-27,3,0.22,0.25,0.27,0.23,4140,1008,4.11,70.55%,-0.185787,2024-12-24
AFRM,65.9,Put,42.5,2025-03-21,87,1.4,1.43,1.46,1.54,2477,604,4.1,83.05%,-0.09546,2024-12-24
SMR,21.01,Call,21.5,2024-12-27,3,0.35,0.4,0.45,0.42,951,233,4.08,82.27%,0.394695,2024-12-24
MMM,130.36,Call,145,2025-03-21,87,2.23,2.34,2.44,2.22,2490,611,4.08,27.22%,0.242816,2024-12-24
MSFT,439.33,Call,442.5,2024-12-27,3,0.94,0.99,1.03,1,16052,3966,4.05,13.75%,0.292226,2024-12-24
NFLX,932.12,Put,925,2024-12-27,3,6.1,6.5,6.9,6.35,759,189,4.02,28.61%,-0.374398,2024-12-24
VZ,39.8,Call,40,2025-02-21,59,1.04,1.07,1.09,1.06,809,202,4,19.08%,0.472181,2024-12-24
RUM,12.68,Put,10,2025-04-17,114,1.5,2.4,3.3,2.3,1206,302,3.99,144.65%,-0.238604,2024-12-24
NVDA,140.22,Put,141,2025-01-03,10,3.1,3.2,3.3,3.2,3645,916,3.98,30.93%,-0.526298,2024-12-24
SEDG,14.83,Call,16,2025-01-03,10,0.43,0.48,0.53,0.5,734,185,3.97,95.37%,0.346536,2024-12-24
AAPL,258.2,Call,262.5,2025-01-17,24,2.61,2.71,2.8,2.68,1037,261,3.97,15.97%,0.374556,2024-12-24
NFLX,932.12,Call,970,2025-01-03,10,3.95,4.25,4.55,4.55,1478,372,3.97,27.01%,0.199805,2024-12-24
NFLX,932.12,Call,1000,2025-01-03,10,1.4,1.55,1.69,1.69,2062,519,3.97,29.58%,0.082739,2024-12-24
CLSK,10.66,Call,10.5,2025-01-03,10,0.65,0.72,0.78,0.69,5082,1285,3.95,85.99%,0.573688,2024-12-24
LUNR,16.65,Put,14,2025-01-03,10,0.2,0.23,0.25,0.25,532,135,3.94,110.01%,-0.147092,2024-12-24
OKLO,23.61,Put,21.5,2024-12-27,3,0.1,0.13,0.15,0.12,1009,261,3.87,91.47%,-0.120113,2024-12-24
AVGO,239.68,Call,242.5,2025-01-03,10,4.45,4.53,4.6,4.53,1232,322,3.83,36.06%,0.439951,2024-12-24
JPM,242.31,Put,240,2025-01-03,10,1.45,1.54,1.62,1.55,730,191,3.82,16.28%,-0.348686,2024-12-24
TSLA,462.28,Call,450,2024-12-27,3,16.45,16.6,16.75,16.55,85538,22460,3.81,54.54%,0.717864,2024-12-24
LUNR,16.65,Call,15,2025-02-21,59,3.7,3.75,3.8,3.73,700,184,3.8,110.24%,0.681986,2024-12-24
LUNR,16.65,Call,20,2025-01-03,10,0.3,0.32,0.35,0.35,910,241,3.78,119.80%,0.206264,2024-12-24
SES,0.71,Call,1,2025-01-17,24,0.15,0.18,0.2,0.15,5212,1379,3.78,320.51%,0.49904,2024-12-24
TSLA,462.28,Call,445,2024-12-27,3,20.2,20.48,20.75,20.15,24854,6579,3.78,56.45%,0.781423,2024-12-24
AVGO,239.68,Call,235,2025-03-21,87,24.75,25.05,25.35,24.5,7250,1922,3.77,47.13%,0.592095,2024-12-24
AAPL,258.2,Put,260,2025-01-03,10,3,3.13,3.25,3.2,1001,266,3.76,13.63%,-0.605649,2024-12-24
AMZN,229.05,Call,232.5,2025-01-10,17,3,3.05,3.1,3.05,566,151,3.75,22.07%,0.402165,2024-12-24
NVO,87.37,Call,100,2025-01-24,31,0.28,0.31,0.34,0.29,706,189,3.74,31.66%,0.081901,2024-12-24
PLTR,82.38,Put,80,2025-01-10,17,2.76,2.83,2.89,2.85,2828,761,3.72,57.10%,-0.377128,2024-12-24
RDDT,177.41,Call,230,2025-01-17,24,1.22,1.27,1.32,1.27,5343,1438,3.72,70.43%,0.091519,2024-12-24
UAL,101.16,Put,99,2024-12-27,3,0.33,0.4,0.47,0.41,506,137,3.69,32.65%,-0.231524,2024-12-24
MARA,20.15,Call,19,2025-01-03,10,1.73,1.76,1.79,1.69,786,215,3.66,83.18%,0.692987,2024-12-24
NOTV,4.53,Call,10,2025-04-17,114,0.3,0.4,0.5,0.45,3188,873,3.65,143.60%,0.284788,2024-12-24
PLTR,82.38,Call,94,2025-01-03,10,0.39,0.41,0.42,0.38,704,194,3.63,60.87%,0.106096,2024-12-24
PLTR,82.38,Call,90,2025-03-21,87,8.9,8.95,9,8.95,9615,2648,3.63,72.25%,0.482229,2024-12-24
MSTR,358.18,Put,355,2025-01-03,10,16.4,16.9,17.4,18.55,1344,372,3.61,79.19%,-0.443986,2024-12-24
AVGO,239.68,Put,232.5,2025-01-03,10,2.52,2.56,2.6,3.3,824,229,3.6,35.14%,-0.285742,2024-12-24
AMD,126.29,Call,126,2024-12-27,3,1.62,1.64,1.65,1.63,23824,6670,3.57,31.93%,0.542287,2024-12-24
AAL,17.35,Call,17,2025-01-03,10,0.59,0.61,0.62,0.61,2352,661,3.56,35.77%,0.648858,2024-12-24
SLB,37.73,Call,39.5,2025-01-17,24,0.53,0.55,0.58,0.5,669,189,3.54,31.26%,0.300931,2024-12-24
COIN,279.62,Call,277.5,2024-12-27,3,6.8,7.23,7.65,7.05,1081,307,3.52,58.32%,0.570295,2024-12-24
AVGO,239.68,Call,240,2024-12-27,3,2.93,2.97,3,2.97,29935,8514,3.52,35.69%,0.493359,2024-12-24
RUM,12.68,Call,14,2024-12-27,3,0.3,0.32,0.35,0.33,3102,884,3.51,171.62%,0.288934,2024-12-24
LCID,3.2,Call,3.5,2025-08-15,234,0.89,1.14,1.38,0.96,508,145,3.5,103.33%,0.632537,2024-12-24
AMGN,264.49,Call,290,2025-03-21,87,3.4,3.58,3.75,3.44,1251,359,3.48,22.27%,0.219252,2024-12-24
JWN,24.21,Put,22.5,2026-01-16,388,0.05,0.33,0.6,0.25,2000,574,3.48,9.68%,-0.182361,2024-12-24
TSLA,462.28,Call,465,2024-12-27,3,7.9,8,8.1,8.1,21392,6147,3.48,55.61%,0.466479,2024-12-24
HAL,26.84,Call,30,2025-03-21,87,0.57,1.08,1.58,0.6,683,197,3.47,30.94%,0.262487,2024-12-24
TSLA,462.28,Call,900,2025-12-19,360,35.75,36.9,38.05,34.16,5029,1454,3.46,66.25%,0.267816,2024-12-24
AVGO,239.68,Put,237.5,2024-12-27,3,2,2.13,2.26,2.03,4104,1191,3.45,34.98%,-0.377749,2024-12-24
IQV,199.99,Call,210,2025-01-17,24,2,2.23,2.45,2.25,623,181,3.44,27.60%,0.269422,2024-12-24
PLTR,82.38,Call,86,2024-12-27,3,0.41,0.43,0.45,0.42,16472,4801,3.43,53.23%,0.194948,2024-12-24
POET,5.76,Call,6,2025-01-03,10,0.15,0.22,0.3,0.25,565,165,3.42,91.42%,0.42609,2024-12-24
NVDA,140.22,Call,137,2025-01-17,24,7.6,7.68,7.75,7.62,2489,728,3.42,39.81%,0.620327,2024-12-24
F,10.02,Put,10.5,2025-01-24,31,0.44,0.51,0.57,0.55,3026,889,3.4,18.96%,-0.795752,2024-12-24
MSTR,358.18,Call,495,2025-01-03,10,1.21,1.32,1.43,1.26,529,156,3.39,111.44%,0.048935,2024-12-24
SMCI,34.33,Put,33.5,2024-12-27,3,0.48,0.52,0.56,0.49,3004,886,3.39,68.89%,-0.334296,2024-12-24
AVGO,239.68,Call,360,2025-02-21,59,0.45,0.57,0.69,0.7,514,152,3.38,51.01%,0.03183,2024-12-24
RIOT,11.67,Put,14,2025-01-10,17,2.59,2.63,2.67,2.6,514,152,3.38,97.69%,-0.775218,2024-12-24
AMD,126.29,Call,126,2025-01-03,10,3.1,3.13,3.15,3.1,3417,1014,3.37,34.54%,0.53568,2024-12-24
PLTR,82.38,Put,80,2024-12-27,3,0.57,0.6,0.63,0.6,22025,6563,3.36,51.35%,-0.254672,2024-12-24
AMZN,229.05,Put,232.5,2024-12-27,3,3.8,3.88,3.95,3.75,1733,517,3.35,19.90%,-0.792305,2024-12-24
WMT,92.68,Call,92,2025-01-03,10,1.37,1.41,1.45,1.43,2662,794,3.35,16.42%,0.625093,2024-12-24
DG,74.64,Put,60,2025-06-20,178,3.1,4.23,5.35,3.2,3502,1045,3.35,47.26%,-0.197432,2024-12-24
TSLA,462.28,Put,442.5,2025-01-03,10,10.5,10.63,10.75,11.11,641,193,3.32,63.89%,-0.317025,2024-12-24
SMCI,34.33,Call,35,2024-12-27,3,0.58,0.59,0.6,0.58,28104,8488,3.31,69.38%,0.39349,2024-12-24
BAC,44.38,Call,44.5,2025-01-03,10,0.49,0.51,0.53,0.51,782,238,3.29,18.98%,0.478682,2024-12-24
NVDA,140.22,Call,191,2025-03-21,87,2,2.05,2.09,2.12,2713,825,3.29,49.52%,0.132619,2024-12-24
BABA,85.52,Call,105,2025-01-24,31,0.24,0.25,0.26,0.26,502,153,3.28,43.70%,0.058361,2024-12-24
ACHR,10.8,Call,9,2025-02-21,59,2.8,2.85,2.9,2.85,942,287,3.28,112.70%,0.740469,2024-12-24
ZIM,21.5,Call,22.16,2024-12-27,3,0.17,0.2,0.22,0.18,2015,616,3.27,55.45%,0.276988,2024-12-24
AVGO,239.68,Put,240,2024-12-27,3,3.1,3.18,3.25,3.25,4540,1390,3.27,35.95%,-0.507123,2024-12-24
TSLA,462.28,Put,432.5,2024-12-27,3,1.14,1.17,1.19,1.22,7773,2384,3.26,58.43%,-0.098561,2024-12-24
MSTR,358.18,Call,362.5,2024-12-27,3,7.85,8.08,8.3,7.9,987,304,3.25,75.64%,0.446157,2024-12-24
NVDA,140.22,Call,141,2024-12-27,3,1.15,1.16,1.17,1.15,96545,29784,3.24,29.24%,0.427514,2024-12-24
TSLA,462.28,Call,467.5,2025-01-03,10,17.85,18.03,18.2,17.69,636,197,3.23,66.11%,0.485215,2024-12-24
NFLX,932.12,Call,985,2024-12-27,3,0.31,0.58,0.84,0.55,871,270,3.23,35.38%,0.045224,2024-12-24
TLN,206.85,Put,175,2025-01-17,24,1.35,1.5,1.65,1.35,1119,346,3.23,53.50%,-0.095708,2024-12-24
LYFT,13.91,Put,12,2025-06-20,178,1.33,1.36,1.38,1.42,2340,727,3.22,63.87%,-0.277208,2024-12-24
AAPL,258.2,Call,262.5,2025-01-10,17,1.61,1.74,1.86,1.85,742,231,3.21,15.30%,0.334228,2024-12-24
DT,55.07,Call,55,2025-01-17,24,1.35,1.48,1.6,1.54,3659,1139,3.21,25.33%,0.538199,2024-12-24
META,607.75,Call,610,2024-12-27,3,3.55,3.72,3.9,3.8,11104,3464,3.21,21.60%,0.435568,2024-12-24
TSLA,462.28,Call,462.5,2024-12-27,3,9.05,9.15,9.25,9.25,10588,3333,3.18,55.49%,0.509083,2024-12-24
NVDA,140.22,Put,140,2024-12-27,3,1.25,1.29,1.32,1.3,53371,16810,3.17,28.18%,-0.465984,2024-12-24
AMD,126.29,Call,127,2025-01-03,10,2.61,2.65,2.68,2.63,3077,976,3.15,34.72%,0.48078,2024-12-24
SMCI,34.33,Put,34,2024-12-27,3,0.7,0.72,0.73,0.69,6847,2171,3.15,70.83%,-0.425762,2024-12-24
TSLA,462.28,Call,920,2025-06-20,178,14.2,14.38,14.55,12.7,602,192,3.14,72.99%,0.145955,2024-12-24
ARQT,14.99,Call,15,2025-01-17,24,1.15,1.23,1.3,1.25,3805,1211,3.14,80.68%,0.545373,2024-12-24
NVDA,140.22,Put,137,2024-12-27,3,0.39,0.4,0.41,0.42,35409,11341,3.12,29.92%,-0.188978,2024-12-24
MSTR,358.18,Call,550,2025-01-24,31,7.65,8.13,8.6,8.25,537,174,3.09,119.66%,0.148063,2024-12-24
XRX,9.23,Call,11,2025-04-17,114,0.4,0.45,0.5,0.5,800,259,3.09,55.59%,0.314676,2024-12-24
AVGO,239.68,Call,237.5,2024-12-27,3,4.25,4.33,4.4,4.35,8762,2861,3.06,35.92%,0.619901,2024-12-24
AMD,126.29,Call,126,2025-01-10,17,4.45,4.53,4.6,4.4,675,221,3.05,39.16%,0.537178,2024-12-24
XOM,106.4,Put,125,2025-01-17,24,18.1,18.55,19,18.1,765,251,3.05,44.35%,-0.913163,2024-12-24
NIO,4.62,Call,4.5,2025-01-17,24,0.34,0.36,0.37,0.35,1031,340,3.03,59.87%,0.605173,2024-12-24
PDD,99.72,Call,106,2025-01-03,10,0.44,0.48,0.51,0.45,1116,368,3.03,34.63%,0.154728,2024-12-24
GRAB,4.94,Call,5,2025-02-21,59,0.35,0.38,0.4,0.38,1270,419,3.03,49.44%,0.529761,2024-12-24
NVDA,140.22,Call,170,2025-01-24,31,0.39,0.43,0.46,0.45,3356,1108,3.03,41.05%,0.064385,2024-12-24
TSM,206.33,Put,200,2024-12-27,3,0.27,0.3,0.32,0.31,7376,2436,3.03,29.20%,-0.115083,2024-12-24
TSLA,462.28,Put,440,2025-01-03,10,9.55,9.73,9.9,9.94,4245,1412,3.01,63.75%,-0.297851,2024-12-24
SMCI,34.33,Put,32.5,2025-01-03,10,0.93,0.97,1.01,0.99,791,264,3,80.26%,-0.313302,2024-12-24
CELH,27.36,Call,28,2025-01-03,10,0.67,0.71,0.75,0.69,2192,731,3,52.75%,0.417753,2024-12-24
RGTI,11.35,Call,12.5,2024-12-27,3,0.25,0.3,0.35,0.35,6212,2071,3,184.70%,0.311854,2024-12-24
AMD,126.29,Put,118,2025-01-03,10,0.41,0.43,0.45,0.45,1203,405,2.97,36.14%,-0.118379,2024-12-24
TSLA,462.28,Put,430,2024-12-27,3,0.98,1,1.02,1,25678,8641,2.97,59.69%,-0.085218,2024-12-24
WULF,6.23,Call,10,2025-03-21,87,0.55,0.58,0.6,0.57,26980,9074,2.97,140.59%,0.289682,2024-12-24
JOBY,8.26,Put,8,2024-12-27,3,0.1,0.13,0.15,0.11,1443,487,2.96,73.63%,-0.302512,2024-12-24
QBTS,7.95,Call,8,2025-01-03,10,0.95,1,1.05,1,3305,1117,2.96,194.68%,0.557775,2024-12-24
SOFI,16.02,Put,15.5,2025-01-17,24,0.64,0.65,0.66,0.66,515,176,2.93,56.72%,-0.37618,2024-12-24
TSLA,462.28,Put,375,2025-04-17,114,25.25,25.53,25.8,25.95,1276,436,2.93,66.02%,-0.216989,2024-12-24
TSLA,462.28,Put,230,2025-01-03,10,0,0.07,0.14,0.12,4675,1596,2.93,161.38%,-0.002975,2024-12-24
HIMS,28.15,Call,37,2025-02-21,59,1.25,1.33,1.4,1.3,810,277,2.92,83.42%,0.265606,2024-12-24
ACHR,10.8,Put,10,2025-01-03,10,0.4,0.43,0.45,0.43,869,298,2.92,112.15%,-0.30399,2024-12-24
QS,5.37,Call,5.5,2025-01-10,17,0.32,0.33,0.34,0.34,3105,1062,2.92,84.97%,0.488921,2024-12-24
QUBT,17.09,Call,40,2025-02-21,59,1.25,1.33,1.4,1.33,638,219,2.91,191.72%,0.239399,2024-12-24
SMCI,34.33,Call,34.5,2025-01-03,10,1.67,1.71,1.76,1.77,722,249,2.9,78.38%,0.51433,2024-12-24
PLTR,82.38,Call,88,2025-01-03,10,1.07,1.09,1.11,1.06,2423,841,2.88,55.14%,0.253156,2024-12-24
MSTR,358.18,Call,370,2024-12-27,3,5.2,5.5,5.8,5.3,6837,2373,2.88,76.62%,0.334471,2024-12-24
VLO,118.84,Call,120,2024-12-27,3,0.45,0.51,0.56,0.47,601,211,2.85,21.66%,0.314966,2024-12-24
TSLA,462.28,Call,545,2025-01-03,10,2.24,2.32,2.4,2.26,627,220,2.85,71.44%,0.092907,2024-12-24
BAC,44.38,Call,44.5,2024-12-27,3,0.24,0.25,0.25,0.25,5822,2046,2.85,18.86%,0.444344,2024-12-24
AMAT,168.37,Call,170,2025-02-21,59,10,10.18,10.35,9.95,2442,859,2.84,38.94%,0.520217,2024-12-24
BB,3.96,Call,4.5,2025-02-21,59,0.28,0.3,0.32,0.32,836,295,2.83,79.76%,0.414473,2024-12-24
RDDT,177.41,Put,165,2024-12-27,3,0.26,0.33,0.39,0.34,1017,361,2.82,57.98%,-0.078934,2024-12-24
INTC,20.4,Call,23,2025-01-17,24,0.22,0.23,0.23,0.22,1527,542,2.82,46.77%,0.175946,2024-12-24
C,71,Put,70,2025-01-03,10,0.23,0.34,0.45,0.41,519,185,2.81,17.66%,-0.304863,2024-12-24
AMD,126.29,Call,131,2025-01-03,10,1.2,1.23,1.25,1.21,1232,439,2.81,34.68%,0.278078,2024-12-24
TSLA,462.28,Put,450,2025-01-03,10,13.45,13.58,13.7,13.59,5012,1788,2.8,64.15%,-0.375996,2024-12-24
BA,179.34,Call,240,2025-05-16,143,2.23,2.28,2.32,2.35,522,187,2.79,36.75%,0.122379,2024-12-24
NVDA,140.22,Call,143,2024-12-27,3,0.48,0.49,0.49,0.47,57791,20720,2.79,28.55%,0.232102,2024-12-24
RGTI,11.35,Call,11.5,2025-01-03,10,1.05,1.1,1.15,1.15,1081,390,2.77,161.90%,0.53562,2024-12-24
IONQ,44.58,Call,48,2024-12-27,3,0.53,0.72,0.91,0.77,732,265,2.76,121.67%,0.270328,2024-12-24
U,22.8,Put,20,2025-09-19,269,3.15,3.43,3.7,3.3,2151,785,2.74,67.12%,-0.289519,2024-12-24
TSLA,462.28,Call,525,2025-01-03,10,3.85,3.93,4,3.9,2450,893,2.74,69.41%,0.149229,2024-12-24
AVGO,239.68,Call,25,2025-01-17,24,214.25,214.73,215.2,212.38,600,220,2.73,328.75%,0.998959,2024-12-24
SBSW,3.5,Call,4,2025-07-18,206,0.3,0.45,0.6,0.5,530,195,2.72,70.14%,0.467174,2024-12-24
SMCI,34.33,Call,34,2025-01-03,10,1.93,2,2.06,1.91,2462,904,2.72,80.07%,0.558872,2024-12-24
AAPL,258.2,Put,255,2025-01-03,10,1.18,1.19,1.21,1.2,7717,2836,2.72,15.14%,-0.292189,2024-12-24
NVDA,140.22,Call,175,2025-01-24,31,0.27,0.29,0.3,0.29,3153,1164,2.71,42.07%,0.043146,2024-12-24
WULF,6.23,Call,7,2025-03-21,87,1.15,1.2,1.25,1.17,7455,2750,2.71,144.20%,0.492598,2024-12-24
UAL,101.16,Call,105,2025-02-21,59,6.9,7,7.1,6.9,1978,732,2.7,54.42%,0.462383,2024-12-24
TSLA,462.28,Call,442.5,2024-12-27,3,21.45,22.5,23.55,22.4,9582,3553,2.7,56.18%,0.813564,2024-12-24
NVDA,140.22,Call,147,2025-01-03,10,0.83,0.84,0.85,0.83,23512,8699,2.7,32.35%,0.202384,2024-12-24
VOD,8.43,Call,9,2025-01-31,38,0.07,0.12,0.16,0.11,556,207,2.69,29.60%,0.242711,2024-12-24
PLTR,82.38,Call,82,2025-01-17,24,5.2,5.25,5.3,5.27,650,244,2.66,59.10%,0.549768,2024-12-24
AFRM,65.9,Call,65,2025-01-17,24,4.8,5.05,5.3,5,6545,2465,2.66,66.44%,0.572453,2024-12-24
CX,5.66,Call,6,2025-03-21,87,0.35,0.4,0.45,0.35,627,237,2.65,43.02%,0.443075,2024-12-24
GOOGL,196.11,Call,215,2025-01-24,31,0.78,0.82,0.85,0.85,1540,581,2.65,25.34%,0.1225,2024-12-24
SMCI,34.33,Call,40,2025-01-24,31,1.72,1.79,1.85,1.74,2289,865,2.65,90.72%,0.33292,2024-12-24
BA,179.34,Put,175,2025-05-16,143,12.25,12.48,12.7,12.4,502,190,2.64,33.07%,-0.407718,2024-12-24
F,10.02,Put,13,2025-06-20,178,2.82,3.29,3.75,3.25,900,342,2.63,38.61%,-0.787862,2024-12-24
BRK.B,458.66,Call,462.5,2024-12-27,3,0.35,0.45,0.55,0.4,1069,407,2.63,9.69%,0.182942,2024-12-24
RUM,12.68,Put,14,2024-12-27,3,1.55,1.6,1.65,1.6,1849,702,2.63,159.83%,-0.728963,2024-12-24
QS,5.37,Call,15,2025-06-20,178,0.27,0.3,0.32,0.31,2186,836,2.61,112.11%,0.185736,2024-12-24
ZIM,21.5,Call,21.16,2024-12-27,3,0.55,0.58,0.6,0.57,3178,1219,2.61,50.08%,0.640687,2024-12-24
MSTR,358.18,Put,332.5,2024-12-27,3,1.91,2.03,2.15,2.13,947,365,2.59,82.19%,-0.149155,2024-12-24
MO,53.47,Call,50,2025-01-31,38,3.5,3.7,3.9,3.6,1825,706,2.58,19.19%,0.873858,2024-12-24
TSLA,462.28,Call,470,2024-12-27,3,6,6.08,6.15,6.1,28532,11113,2.57,55.76%,0.383858,2024-12-24
NVDA,140.22,Put,133,2025-01-17,24,2.48,2.51,2.55,2.72,502,196,2.56,39.33%,-0.274703,2024-12-24
PLTR,82.38,Call,84,2025-01-03,10,2.23,2.29,2.34,2.28,3644,1425,2.56,54.28%,0.436964,2024-12-24
CMG,62.24,Call,63,2024-12-27,3,0.1,0.15,0.2,0.18,5403,2114,2.56,20.19%,0.262896,2024-12-24
BHC,7.53,Put,6,2025-06-20,178,0.57,0.61,0.64,0.67,500,196,2.55,43.27%,-0.314996,2024-12-24
MO,53.47,Put,52,2025-01-03,10,0.23,0.25,0.27,0.24,1697,669,2.54,21.44%,-0.217282,2024-12-24
NFLX,932.12,Call,940,2025-01-03,10,11.75,12.4,13.05,12.5,782,309,2.53,25.34%,0.439792,2024-12-24
NVDA,140.22,Call,141,2025-01-17,24,5.45,5.5,5.55,5.38,2226,880,2.53,39.63%,0.509579,2024-12-24
MSTR,358.18,Put,300,2025-01-24,31,15.35,15.98,16.6,15.85,906,359,2.52,101.18%,-0.223729,2024-12-24
AISP,5.54,Call,6,2025-01-17,24,0.7,0.77,0.85,0.8,922,366,2.52,172.16%,0.518529,2024-12-24
COIN,279.62,Call,280,2024-12-27,3,5.5,5.75,6,6.25,3549,1409,2.52,58.21%,0.502949,2024-12-24
DHT,9.45,Call,10,2026-01-16,388,0.9,1.08,1.25,1.12,1235,492,2.51,40.44%,0.467361,2024-12-24
META,607.75,Put,605,2024-12-27,3,3.2,3.35,3.5,3.33,2985,1190,2.51,21.20%,-0.397474,2024-12-24
AVGO,239.68,Put,235,2024-12-27,3,1.22,1.25,1.28,1.27,6109,2432,2.51,35.84%,-0.264132,2024-12-24
ARM,131.79,Put,132,2024-12-27,3,1.76,1.84,1.92,1.76,594,238,2.5,35.10%,-0.510112,2024-12-24
ETSY,55.13,Call,60,2025-01-03,10,0.1,0.12,0.13,0.14,724,290,2.5,35.25%,0.080573,2024-12-24
RUM,12.68,Put,12,2025-01-03,10,0.9,1,1.1,0.99,1042,416,2.5,161.03%,-0.365501,2024-12-24
AMD,126.29,Call,127,2024-12-27,3,1.13,1.15,1.18,1.13,16112,6494,2.48,31.40%,0.43242,2024-12-24
MARA,20.15,Call,20.5,2025-01-03,10,0.92,0.94,0.95,0.92,2161,874,2.47,80.21%,0.478302,2024-12-24
NVDA,140.22,Put,139,2024-12-27,3,0.88,0.9,0.91,0.93,24998,10108,2.47,28.52%,-0.358452,2024-12-24
PLTR,82.38,Call,85,2024-12-27,3,0.6,0.62,0.64,0.6,40560,16395,2.47,51.75%,0.262272,2024-12-24
AMD,126.29,Put,126,2024-12-27,3,1.2,1.25,1.3,1.28,5163,2100,2.46,31.54%,-0.458282,2024-12-24
NFLX,932.12,Call,932.5,2024-12-27,3,9.05,9.9,10.75,9.5,527,215,2.45,28.25%,0.504303,2024-12-24
PLTR,82.38,Put,77,2025-01-10,17,1.68,1.78,1.87,1.79,1599,653,2.45,57.71%,-0.268077,2024-12-24
NFLX,932.12,Call,950,2024-12-27,3,3.4,3.58,3.75,3.5,3382,1383,2.45,29.08%,0.243783,2024-12-24
AMD,126.29,Call,128,2025-01-03,10,2.17,2.2,2.23,2.18,2284,936,2.44,34.48%,0.426075,2024-12-24
DVN,31.24,Call,42.5,2025-07-18,206,0.57,0.64,0.71,0.6,510,210,2.43,35.11%,0.155511,2024-12-24
SNAP,11.18,Put,11.5,2025-01-03,10,0.54,0.55,0.57,0.57,1022,421,2.43,53.05%,-0.605756,2024-12-24
COIN,279.62,Call,275,2024-12-27,3,7.7,8.3,8.9,8.5,1756,724,2.43,58.25%,0.636332,2024-12-24
JD,36.46,Call,39,2025-01-24,31,0.93,0.99,1.04,0.91,692,286,2.42,46.62%,0.326058,2024-12-24
POET,5.76,Put,6,2025-01-17,24,0.7,0.98,1.25,0.75,519,215,2.41,105.36%,-0.503366,2024-12-24
MO,53.47,Call,53,2024-12-27,3,0.41,0.6,0.79,0.57,1139,473,2.41,14.71%,0.745305,2024-12-24
TSLA,462.28,Call,595,2025-01-17,24,3.6,3.68,3.75,3.55,6959,2890,2.41,70.79%,0.099567,2024-12-24
MRNA,40.27,Put,38.5,2024-12-27,3,0.12,0.14,0.15,0.14,780,327,2.39,48.95%,-0.148602,2024-12-24
ACHR,10.8,Put,9.5,2025-01-03,10,0.2,0.25,0.3,0.25,976,408,2.39,108.42%,-0.208864,2024-12-24
SBUX,89.91,Call,91,2024-12-27,3,0.24,0.27,0.3,0.27,1230,515,2.39,20.69%,0.265609,2024-12-24
DQ,19.2,Call,20,2025-01-03,10,0.45,0.5,0.55,0.5,601,253,2.38,64.30%,0.374752,2024-12-24
FCX,39.22,Call,41,2025-05-16,143,3,3.05,3.1,3.01,1455,612,2.38,36.78%,0.485248,2024-12-24
TSLA,462.28,Put,457.5,2024-12-27,3,6.6,6.68,6.75,6.65,2417,1014,2.38,53.50%,-0.403341,2024-12-24
TSLA,462.28,Call,800,2025-12-19,360,45.45,46.13,46.8,45.6,5237,2210,2.37,64.70%,0.32044,2024-12-24
HUT,24.28,Call,25,2024-12-27,3,0.4,0.44,0.48,0.47,1310,556,2.36,86.92%,0.371831,2024-12-24
PLTR,82.38,Call,82,2025-01-03,10,3.15,3.2,3.25,3.18,4384,1860,2.36,54.14%,0.543656,2024-12-24
AA,38.61,Call,42,2025-01-17,24,0.73,0.78,0.83,0.73,507,216,2.35,47.46%,0.269794,2024-12-24
U,22.8,Call,25,2025-09-19,269,4.75,4.88,5,4.9,2526,1076,2.35,70.41%,0.580077,2024-12-24
IONQ,44.58,Call,41.5,2024-12-27,3,3.45,3.68,3.9,3.65,522,223,2.34,107.05%,0.785236,2024-12-24
MSTR,358.18,Put,345,2024-12-27,3,4.05,4.25,4.45,4.45,3335,1427,2.34,76.15%,-0.280222,2024-12-24
MRNA,40.27,Put,39.5,2024-12-27,3,0.29,0.32,0.36,0.31,1224,525,2.33,43.33%,-0.30187,2024-12-24
MSTR,358.18,Call,347.5,2024-12-27,3,16.15,16.67,17.2,16.5,1512,650,2.33,79.98%,0.676784,2024-12-24
TSLA,462.28,Call,455,2025-01-24,31,39.65,39.93,40.2,40,1032,444,2.32,66.48%,0.578569,2024-12-24
NFLX,932.12,Call,950,2025-01-03,10,8.5,8.9,9.3,9,1902,819,2.32,25.77%,0.345903,2024-12-24
NDAQ,78.92,Call,90,2025-03-21,87,0.5,0.6,0.7,0.55,837,363,2.31,21.93%,0.134832,2024-12-24
SOUN,20.24,Call,21.5,2024-12-27,3,0.5,0.52,0.54,0.5,3576,1546,2.31,133.22%,0.33113,2024-12-24
NVDA,140.22,Put,136,2024-12-27,3,0.26,0.27,0.27,0.27,25167,10888,2.31,31.11%,-0.133747,2024-12-24
RUM,12.68,Call,13,2024-12-27,3,0.4,0.48,0.55,0.6,4099,1792,2.29,133.62%,0.443431,2024-12-24
IGT,17.12,Call,19,2025-04-17,114,0.55,0.63,0.7,0.55,534,234,2.28,32.04%,0.306414,2024-12-24
MSTR,358.18,Put,225,2025-01-03,10,1.05,1.16,1.27,1.14,1042,457,2.28,159.00%,-0.028559,2024-12-24
CRM,344.43,Call,360,2025-01-03,10,0.51,0.57,0.62,0.53,1839,805,2.28,20.04%,0.099431,2024-12-24
SNOW,163.06,Call,175,2025-01-03,10,0.43,0.49,0.54,0.44,2680,1176,2.28,32.89%,0.10581,2024-12-24
GOOGL,196.11,Put,145,2027-01-15,752,8.8,9.6,10.4,9.3,500,220,2.27,32.96%,-0.156019,2024-12-24
PLTR,82.38,Call,83,2024-12-27,3,1.22,1.25,1.27,1.25,25339,11158,2.27,51.08%,0.447845,2024-12-24
TSLA,462.28,Put,280,2025-01-10,17,0.47,0.51,0.55,0.53,829,367,2.26,110.30%,-0.012776,2024-12-24
PYPL,88.25,Call,90,2025-01-03,10,0.69,0.73,0.77,0.72,2030,900,2.26,23.63%,0.325575,2024-12-24
ABEV,1.9,Call,2,2025-07-18,206,0.15,0.2,0.25,0.19,800,355,2.25,48.42%,0.45155,2024-12-24
PLTR,82.38,Call,83,2025-01-10,17,3.85,3.95,4.05,3.9,964,429,2.25,58.00%,0.507497,2024-12-24
COIN,279.62,Call,330,2025-01-03,10,1.1,1.13,1.15,1.15,1422,631,2.25,68.83%,0.082749,2024-12-24
GME,31.14,Call,31.5,2024-12-27,3,0.55,0.57,0.58,0.55,5229,2320,2.25,63.24%,0.431432,2024-12-24
RUM,12.68,Call,15,2025-01-03,10,0.65,0.68,0.7,0.73,635,284,2.24,172.22%,0.328938,2024-12-24
KULR,3.42,Call,5.5,2025-01-17,24,0.35,0.4,0.45,0.39,765,342,2.24,258.73%,0.351888,2024-12-24
NOTV,4.53,Call,5,2025-04-17,114,1.1,1.2,1.3,1.25,2173,979,2.22,140.34%,0.611619,2024-12-24
CVX,143.84,Put,140,2025-02-21,59,3.15,3.2,3.25,3.15,2990,1348,2.22,21.31%,-0.357865,2024-12-24
AAPL,258.2,Put,255,2024-12-27,3,0.34,0.35,0.36,0.34,37141,16789,2.21,15.23%,-0.17589,2024-12-24
WULF,6.23,Call,8,2025-01-24,31,0.25,0.3,0.35,0.34,510,232,2.2,129.88%,0.279213,2024-12-24
TSLA,462.28,Put,435,2024-12-27,3,1.36,1.38,1.4,1.38,17820,8103,2.2,57.44%,-0.114986,2024-12-24
TSLA,462.28,Call,485,2024-12-27,3,2.36,2.4,2.44,2.41,14307,6529,2.19,57.44%,0.187103,2024-12-24
RGTI,11.35,Call,11,2025-01-10,17,1.6,1.7,1.8,1.85,543,249,2.18,157.52%,0.605672,2024-12-24
GOOGL,196.11,Call,197.5,2025-01-17,24,4.25,4.3,4.35,4.3,563,258,2.18,23.52%,0.482249,2024-12-24
AMZN,229.05,Put,245,2025-01-10,17,15.55,15.98,16.4,17,583,268,2.18,19.17%,-0.973104,2024-12-24
MARA,20.15,Call,22,2025-01-17,24,1.27,1.31,1.35,1.27,1077,495,2.18,95.08%,0.410298,2024-12-24
ACHR,10.8,Put,10,2024-12-27,3,0.1,0.13,0.15,0.15,3183,1460,2.18,117.05%,-0.217288,2024-12-24
UAL,101.16,Call,110,2025-02-21,59,5.1,5.18,5.25,5.2,1044,482,2.17,54.42%,0.379413,2024-12-24
NRG,93.03,Put,85,2025-01-17,24,0.55,0.65,0.75,0.69,1502,691,2.17,36.02%,-0.148964,2024-12-24
TSLA,462.28,Put,412.5,2024-12-27,3,0.41,0.43,0.44,0.45,3504,1612,2.17,70.94%,-0.035234,2024-12-24
TSLA,462.28,Call,450,2025-01-03,10,26.55,26.78,27,26.65,10175,4692,2.17,65.08%,0.62356,2024-12-24
RGTI,11.35,Put,12,2024-12-27,3,1,1.1,1.2,1.06,641,297,2.16,163.43%,-0.617944,2024-12-24
TSLA,462.28,Call,427.5,2024-12-27,3,35.7,36.53,37.35,35.4,5549,2572,2.16,71.72%,0.892716,2024-12-24
COIN,279.62,Call,297.5,2024-12-27,3,1.01,1.18,1.34,1.19,526,245,2.15,63.21%,0.147585,2024-12-24
TSLA,462.28,Put,412.5,2025-01-03,10,3.5,3.55,3.6,3.6,813,378,2.15,66.09%,-0.134348,2024-12-24
RDDT,177.41,Put,170,2024-12-27,3,0.81,0.86,0.9,0.85,928,432,2.15,53.10%,-0.179541,2024-12-24
BTU,20.05,Put,15,2025-01-31,38,0,0.02,0.04,0.2,750,350,2.14,72.24%,-0.084675,2024-12-24
GM,53.51,Call,57.5,2025-09-19,269,4.6,4.82,5.05,4.98,1007,470,2.14,33.23%,0.488092,2024-12-24
AMD,126.29,Put,126,2025-01-03,10,2.53,2.58,2.63,2.61,1156,539,2.14,33.82%,-0.465846,2024-12-24
QUBT,17.09,Put,1,2025-07-18,206,0.05,0.08,0.1,0.1,4186,1954,2.14,225.62%,-0.00562,2024-12-24
NFLX,932.12,Call,930,2025-01-03,10,16.3,17.25,18.2,17,875,411,2.13,24.96%,0.541613,2024-12-24
AVGO,239.68,Call,255,2025-01-03,10,1.35,1.39,1.42,1.37,3651,1713,2.13,38.01%,0.173874,2024-12-24
TSLA,462.28,Put,420,2024-12-27,3,0.56,0.59,0.61,0.59,23071,10819,2.13,65.76%,-0.05006,2024-12-24
RUM,12.68,Put,10,2025-01-03,10,0.2,0.23,0.25,0.25,543,256,2.12,150.10%,-0.139109,2024-12-24
TSLA,462.28,Put,427.5,2024-12-27,3,0.83,0.86,0.88,0.87,8264,3897,2.12,61.14%,-0.074259,2024-12-24
TSLA,462.28,Call,440,2024-12-27,3,23.9,24.45,25,24.3,25268,11945,2.12,54.82%,0.847544,2024-12-24
TSLA,462.28,Call,477.5,2024-12-27,3,3.8,3.88,3.95,3.89,6257,2969,2.11,56.48%,0.274212,2024-12-24
MSTR,358.18,Put,352.5,2024-12-27,3,6.35,6.68,7,7.08,1172,559,2.1,72.28%,-0.389219,2024-12-24
AMZN,229.05,Call,300,2027-01-15,752,25.6,26.35,27.1,26.55,1345,640,2.1,32.10%,0.43522,2024-12-24
AMD,126.29,Put,125,2024-12-27,3,0.81,0.85,0.88,0.87,18237,8698,2.1,31.66%,-0.350956,2024-12-24
MOS,24.27,Call,24.5,2024-12-27,3,0.1,0.13,0.16,0.13,661,317,2.09,25.63%,0.347769,2024-12-24
LUV,34.35,Call,17.5,2025-01-17,24,16.8,17.75,18.7,16.6,581,280,2.08,231.29%,0.923591,2024-12-24
TEVA,22.42,Call,22.5,2025-01-17,24,0.61,0.64,0.67,0.65,816,392,2.08,29.10%,0.506152,2024-12-24
HIVE,3.13,Call,2,2026-01-16,388,1.65,1.78,1.9,1.67,1550,745,2.08,96.00%,0.839724,2024-12-24
TSLA,462.28,Call,432.5,2024-12-27,3,29.7,31.1,32.5,31.5,7568,3633,2.08,63.61%,0.882939,2024-12-24
TSLA,462.28,Put,437.5,2025-01-03,10,8.85,8.98,9.1,9.05,599,290,2.07,64.29%,-0.280738,2024-12-24
AAPL,258.2,Call,260,2024-12-27,3,0.49,0.52,0.55,0.54,46849,22611,2.07,12.91%,0.287632,2024-12-24
COIN,279.62,Call,295,2024-12-27,3,1.5,1.53,1.56,1.55,1635,793,2.06,62.93%,0.183041,2024-12-24
ET,19.6,Call,27,2027-01-15,752,0.35,0.37,0.38,0.37,4427,2153,2.06,21.18%,0.137545,2024-12-24
MSTR,358.18,Put,152,2025-01-17,24,1.01,1.13,1.25,1.22,664,324,2.05,178.43%,-0.01752,2024-12-24
WULF,6.23,Call,6.5,2024-12-27,3,0.1,0.15,0.2,0.11,1871,911,2.05,98.51%,0.319621,2024-12-24
POET,5.76,Put,7,2025-01-17,24,1.45,1.53,1.6,1.6,500,245,2.04,131.73%,-0.656929,2024-12-24
TSLA,462.28,Call,535,2025-01-03,10,2.93,2.99,3.05,2.94,642,314,2.04,70.23%,0.11729,2024-12-24
ARM,131.79,Call,130,2025-01-03,10,4.6,4.98,5.35,4.75,693,340,2.04,42.81%,0.596852,2024-12-24
MSTR,358.18,Put,357.5,2024-12-27,3,8.4,8.73,9.05,9,777,381,2.04,72.59%,-0.473608,2024-12-24
PLTR,82.38,Put,50,2025-01-24,31,0.07,0.12,0.16,0.1,945,464,2.04,82.31%,-0.013347,2024-12-24
ACHR,10.8,Call,11,2024-12-27,3,0.25,0.3,0.35,0.3,7972,3906,2.04,99.04%,0.438202,2024-12-24
MSTR,358.18,Call,360,2024-12-27,3,9.2,9.35,9.5,9.2,8921,4375,2.04,77.21%,0.487101,2024-12-24
ANET,114.65,Put,102.5,2025-03-21,87,4,4.1,4.2,4.15,851,419,2.03,44.15%,-0.252025,2024-12-24
ARM,131.79,Call,132,2024-12-27,3,1.64,1.84,2.04,1.65,976,481,2.03,36.28%,0.491564,2024-12-24
AVGO,239.68,Put,235,2025-01-03,10,3.3,3.38,3.45,3.45,786,390,2.02,35.44%,-0.352342,2024-12-24
PLTR,82.38,Call,87,2025-01-03,10,1.29,1.34,1.39,1.29,914,453,2.02,54.20%,0.291081,2024-12-24
KULR,3.42,Call,3.5,2025-01-17,24,0.75,0.78,0.8,0.8,2158,1066,2.02,239.87%,0.608172,2024-12-24
PLTR,82.38,Call,110,2025-01-10,17,0.15,0.21,0.27,0.15,540,269,2.01,69.37%,0.032663,2024-12-24
AMD,126.29,Put,122,2025-01-03,10,1.09,1.12,1.14,1.12,1899,945,2.01,34.07%,-0.254819,2024-12-24
WULF,6.23,Call,6,2025-03-21,87,1.45,1.53,1.6,1.53,5667,2824,2.01,148.66%,0.58608,2024-12-24
SOUN,20.24,Call,21,2024-12-27,3,0.64,0.67,0.7,0.64,8570,4254,2.01,130.21%,0.401185,2024-12-24
SMCI,34.33,Call,36,2024-12-27,3,0.33,0.34,0.34,0.33,9482,4708,2.01,73.47%,0.249971,2024-12-24
MSTR,358.18,Put,347.5,2024-12-27,3,4.85,5.03,5.2,4.9,1300,650,2,73.05%,-0.310333,2024-12-24
INMD,17.06,Put,20,2025-06-20,178,3.6,3.7,3.8,3.78,527,265,1.99,43.64%,-0.638425,2024-12-24
OXY,48.12,Put,48.5,2024-12-27,3,0.5,0.53,0.57,0.56,599,301,1.99,19.62%,-0.664836,2024-12-24
META,607.75,Call,607.5,2024-12-27,3,4.65,4.85,5.05,4.9,2062,1037,1.99,21.26%,0.519147,2024-12-24
AAPL,258.2,Call,262.5,2024-12-27,3,0.11,0.11,0.12,0.12,18922,9526,1.99,13.02%,0.086031,2024-12-24
MSTR,358.18,Call,407.5,2024-12-27,3,0.65,0.72,0.78,0.7,648,327,1.98,88.33%,0.058614,2024-12-24
OXY,48.12,Put,48,2024-12-27,3,0.17,0.24,0.31,0.29,1798,906,1.98,20.18%,-0.438369,2024-12-24
AAPL,258.2,Put,247.5,2025-01-17,24,1.14,1.21,1.27,1.25,1894,957,1.98,19.31%,-0.177282,2024-12-24
AMZN,229.05,Put,222.5,2025-01-03,10,0.91,0.94,0.96,0.94,874,443,1.97,21.98%,-0.199166,2024-12-24
KMI,27.33,Call,27,2024-12-27,3,0.21,0.35,0.48,0.41,1071,544,1.97,20.73%,0.744108,2024-12-24
AEO,16.51,Call,17,2025-01-17,24,0.43,0.45,0.47,0.43,1583,805,1.97,37.40%,0.401356,2024-12-24
POET,5.76,Call,6,2024-12-27,3,0.1,0.13,0.15,0.1,936,477,1.96,92.43%,0.329581,2024-12-24
SMCI,34.33,Put,35,2024-12-27,3,1.23,1.27,1.3,1.23,5373,2746,1.96,68.66%,-0.608433,2024-12-24
MSTR,358.18,Call,377.5,2024-12-27,3,3.3,3.55,3.8,3.35,638,327,1.95,76.70%,0.237089,2024-12-24
AVGO,239.68,Call,300,2025-04-17,114,7.1,7.2,7.3,7.2,1360,696,1.95,44.73%,0.231674,2024-12-24
RGTI,11.35,Put,11.5,2024-12-27,3,0.7,0.75,0.8,0.75,1848,947,1.95,163.36%,-0.505069,2024-12-24
MSFT,439.33,Call,437.5,2025-01-03,10,5.25,5.58,5.9,5.77,1068,550,1.94,15.74%,0.583412,2024-12-24
AVGO,239.68,Put,230,2024-12-27,3,0.41,0.43,0.45,0.42,8017,4136,1.94,37.26%,-0.106591,2024-12-24
TSLA,462.28,Put,425,2024-12-27,3,0.72,0.74,0.76,0.75,11976,6183,1.94,62.44%,-0.064309,2024-12-24
SBUX,89.91,Put,89,2024-12-27,3,0.15,0.24,0.32,0.3,730,379,1.93,20.43%,-0.286002,2024-12-24
ZIM,21.5,Call,22.16,2025-03-21,87,2.42,2.58,2.73,2.64,861,445,1.93,75.87%,0.509948,2024-12-24
TSLA,462.28,Call,487.5,2024-12-27,3,1.99,2.03,2.07,1.99,4997,2589,1.93,57.27%,0.160986,2024-12-24
GOOGL,196.11,Put,192.5,2025-01-17,24,2.8,3,3.2,2.91,530,276,1.92,23.46%,-0.354223,2024-12-24
RIOT,11.67,Put,14,2024-12-27,3,2.28,2.34,2.4,2.52,1500,783,1.92,104.76%,-0.970486,2024-12-24
AMAT,168.37,Call,170,2025-01-03,10,2.09,2.23,2.37,2.2,1600,835,1.92,25.77%,0.427342,2024-12-24
WMT,92.68,Put,91,2024-12-27,3,0.1,0.11,0.12,0.11,2075,1082,1.92,18.81%,-0.136439,2024-12-24
TSLA,462.28,Call,437.5,2024-12-27,3,25.75,26.63,27.5,26.9,4689,2438,1.92,60.01%,0.852338,2024-12-24
BABA,85.52,Call,125,2025-02-21,59,0.3,0.32,0.33,0.32,4881,2547,1.92,53.34%,0.04566,2024-12-24
V,320.65,Put,320,2024-12-27,3,0.9,1.04,1.17,0.97,651,340,1.91,11.26%,-0.410054,2024-12-24
NFLX,932.12,Call,912.5,2024-12-27,3,21.6,22.28,22.95,22,720,376,1.91,25.73%,0.826099,2024-12-24
COIN,279.62,Call,282.5,2024-12-27,3,4.45,4.68,4.9,4.55,850,448,1.9,57.42%,0.434857,2024-12-24
PLTR,82.38,Put,85,2025-01-17,24,6.2,6.25,6.3,6.25,1151,607,1.9,57.94%,-0.549065,2024-12-24
RGTI,11.35,Put,10.5,2024-12-27,3,0.25,0.28,0.3,0.31,1957,1029,1.9,154.34%,-0.264805,2024-12-24
COIN,279.62,Call,310,2024-12-27,3,0.38,0.43,0.48,0.49,2427,1279,1.9,70.53%,0.057579,2024-12-24
MSTR,358.18,Call,400,2025-01-03,10,7,7.18,7.35,7.05,5612,2947,1.9,87.11%,0.246472,2024-12-24
AMD,126.29,Call,128,2024-12-27,3,0.77,0.79,0.8,0.79,20146,10580,1.9,32.09%,0.331564,2024-12-24
DELL,118.94,Call,130,2025-01-03,10,0.07,0.11,0.14,0.12,823,435,1.89,31.43%,0.047639,2024-12-24
TSLA,462.28,Call,455,2025-01-10,17,29.55,30.35,31.15,30,1128,596,1.89,65.19%,0.57829,2024-12-24
NOVA,3.77,Call,5,2025-07-18,206,0.8,0.9,1,0.95,2762,1459,1.89,114.99%,0.552908,2024-12-24
AVGO,239.68,Call,242.5,2024-12-27,3,1.92,1.96,2,1.96,8047,4250,1.89,36.10%,0.369655,2024-12-24
FDX,271.84,Put,267.5,2024-12-27,3,0.06,0.27,0.47,0.22,516,274,1.88,15.27%,-0.118489,2024-12-24
GE,171.49,Call,170,2025-02-21,59,9.9,10.03,10.15,10,523,278,1.88,31.85%,0.570782,2024-12-24
MSTR,358.18,Put,317.5,2024-12-27,3,0.89,0.98,1.06,1.13,542,289,1.88,93.19%,-0.070347,2024-12-24
ACHR,10.8,Call,11,2025-02-21,59,1.9,1.95,2,1.97,677,361,1.88,117.64%,0.584261,2024-12-24
AVGO,239.68,Call,247.5,2025-01-03,10,2.82,2.86,2.9,2.85,1178,625,1.88,36.61%,0.313942,2024-12-24
LUNR,16.65,Call,25,2025-06-20,178,3.7,3.8,3.9,3.78,1291,688,1.88,127.99%,0.506282,2024-12-24
LUV,34.35,Call,22.5,2025-01-17,24,11.8,11.88,11.95,11.65,2852,1516,1.88,64.86%,0.994443,2024-12-24
AVGO,239.68,Put,232.5,2024-12-27,3,0.71,0.73,0.75,0.75,3124,1659,1.88,36.56%,-0.173155,2024-12-24
MSFT,439.33,Call,447.5,2024-12-27,3,0.21,0.22,0.24,0.23,5677,3015,1.88,14.60%,0.086412,2024-12-24
TSLA,462.28,Call,475,2024-12-27,3,4.45,4.53,4.6,4.55,17717,9404,1.88,56.31%,0.308789,2024-12-24
AMD,126.29,Call,129,2025-01-03,10,1.8,1.83,1.85,1.81,1232,658,1.87,34.57%,0.373823,2024-12-24
MSTR,358.18,Call,345,2024-12-27,3,17.9,18.35,18.8,17.76,2230,1194,1.87,81.59%,0.708403,2024-12-24
ORCL,171.41,Call,172.5,2024-12-27,3,0.6,0.68,0.75,0.67,2969,1585,1.87,17.92%,0.357569,2024-12-24
UPST,68.51,Call,71,2024-12-27,3,0.5,0.53,0.56,0.6,918,493,1.86,57.06%,0.255425,2024-12-24
PLTR,82.38,Call,90,2025-01-24,31,2.81,2.93,3.05,2.96,1821,979,1.86,59.10%,0.342468,2024-12-24
MSTR,358.18,Put,340,2024-12-27,3,3,3.15,3.3,3.2,2927,1573,1.86,77.12%,-0.216329,2024-12-24
SMCI,34.33,Call,35,2025-01-03,10,1.5,1.52,1.53,1.49,5227,2813,1.86,79.27%,0.471022,2024-12-24
RGTI,11.35,Call,12,2024-12-27,3,0.4,0.43,0.45,0.44,10680,5747,1.86,170.07%,0.389031,2024-12-24
SMCI,34.33,Put,34,2025-01-10,17,2.21,2.3,2.4,2.39,884,477,1.85,87.94%,-0.438731,2024-12-24
ORCL,171.41,Call,170,2024-12-27,3,1.73,1.99,2.26,1.98,2865,1551,1.85,17.84%,0.703997,2024-12-24
TSLA,462.28,Put,290,2025-01-03,10,0.31,0.33,0.34,0.34,5166,2794,1.85,126.47%,-0.009715,2024-12-24
MSTR,358.18,Call,350,2024-12-27,3,14.5,14.93,15.35,15,8163,4401,1.85,80.63%,0.639652,2024-12-24
TSLA,462.28,Call,472.5,2024-12-27,3,5.15,5.28,5.4,5.3,6466,3509,1.84,56.17%,0.345662,2024-12-24
TSLA,462.28,Call,500,2025-01-10,17,12.85,13.1,13.35,13,10207,5557,1.84,66.67%,0.323033,2024-12-24
TSLA,462.28,Call,500,2024-12-27,3,0.82,0.84,0.85,0.82,71257,38992,1.83,58.91%,0.075589,2024-12-24
RDDT,177.41,Call,190,2024-12-27,3,0.32,0.37,0.41,0.34,715,392,1.82,54.22%,0.086424,2024-12-24
RGTI,11.35,Put,10,2025-01-03,10,0.55,0.58,0.6,0.58,1009,553,1.82,161.47%,-0.270489,2024-12-24
NVDA,140.22,Put,143,2024-12-27,3,3.05,3.15,3.25,3.25,4580,2517,1.82,29.26%,-0.76464,2024-12-24
PLTR,82.38,Put,80,2025-02-21,59,8.35,8.43,8.5,8.45,12494,6867,1.82,75.95%,-0.394943,2024-12-24
NFLX,932.12,Call,930,2024-12-27,3,10.05,10.88,11.7,10.2,2259,1245,1.81,26.50%,0.548402,2024-12-24
SMCI,34.33,Put,33,2024-12-27,3,0.34,0.37,0.39,0.34,3336,1843,1.81,69.58%,-0.253681,2024-12-24
TSLA,462.28,Call,460,2025-01-03,10,21.25,21.48,21.7,21.35,7352,4060,1.81,65.44%,0.544098,2024-12-24
TSLA,462.28,Call,490,2024-12-27,3,1.69,1.71,1.74,1.7,13429,7402,1.81,57.85%,0.140628,2024-12-24
COIN,279.62,Put,277.5,2024-12-27,3,4.45,4.58,4.7,4.6,682,378,1.8,55.95%,-0.42809,2024-12-24
META,607.75,Call,612.5,2024-12-27,3,2.64,2.77,2.89,2.85,1403,781,1.8,21.69%,0.355869,2024-12-24
TSLA,462.28,Put,432.5,2025-01-03,10,7.4,7.5,7.6,7.45,539,301,1.79,63.84%,-0.244184,2024-12-24
PINS,29.9,Call,29.5,2024-12-27,3,0.41,0.57,0.72,0.65,672,375,1.79,38.43%,0.660666,2024-12-24
NVDA,140.22,Put,144,2024-12-27,3,3.9,4.08,4.25,4.15,3423,1911,1.79,32.03%,-0.815589,2024-12-24
GOOG,197.57,Call,197.5,2025-01-03,10,2.7,2.82,2.94,2.84,680,383,1.78,20.69%,0.523421,2024-12-24
KULR,3.42,Call,4,2025-01-17,24,0.6,0.65,0.7,0.66,1568,882,1.78,246.34%,0.528819,2024-12-24
TSLA,462.28,Put,445,2025-01-03,10,11.4,11.63,11.85,11.8,2243,1263,1.78,64.83%,-0.337931,2024-12-24
NVDA,140.22,Put,126,2025-01-10,17,0.59,0.64,0.68,0.75,2879,1616,1.78,41.28%,-0.102848,2024-12-24
WMT,92.68,Call,93,2024-12-27,3,0.38,0.4,0.41,0.39,5247,2945,1.78,15.60%,0.414217,2024-12-24
RIOT,11.67,Call,11,2024-12-27,3,0.75,0.77,0.79,0.76,6657,3744,1.78,76.82%,0.81301,2024-12-24
NVDA,140.22,Call,141,2025-01-03,10,2.74,2.78,2.81,2.73,12984,7304,1.78,33.11%,0.479134,2024-12-24
TSLA,462.28,Put,427.5,2025-01-03,10,6,6.18,6.35,6.35,754,426,1.77,64.75%,-0.213801,2024-12-24
QBTS,7.95,Put,7.5,2024-12-27,3,0.3,0.35,0.4,0.35,2342,1325,1.77,196.01%,-0.337786,2024-12-24
OKLO,23.61,Call,23,2024-12-27,3,1,1.08,1.15,1,2632,1491,1.77,76.47%,0.661815,2024-12-24
WULF,6.23,Call,11,2025-02-21,59,0.2,0.25,0.3,0.22,5146,2911,1.77,129.68%,0.159278,2024-12-24
TSLA,462.28,Put,415,2024-12-27,3,0.45,0.46,0.48,0.47,8217,4639,1.77,69.12%,-0.039354,2024-12-24
AMD,126.29,Call,127,2025-01-17,24,4.95,5,5.05,5,534,303,1.76,40.00%,0.509726,2024-12-24
AMZN,229.05,Call,227.5,2025-01-17,24,6.6,6.75,6.9,6.73,1008,574,1.76,23.86%,0.574614,2024-12-24
AMZN,229.05,Call,232.5,2025-01-03,10,1.66,1.71,1.75,1.66,2017,1147,1.76,19.58%,0.341466,2024-12-24
ACHR,10.8,Call,11.5,2024-12-27,3,0.1,0.15,0.2,0.15,2654,1508,1.76,100.94%,0.262159,2024-12-24
RGTI,11.35,Call,16,2025-01-03,10,0.2,0.25,0.3,0.3,758,433,1.75,190.99%,0.177614,2024-12-24
MARA,20.15,Put,19.5,2024-12-27,3,0.25,0.26,0.27,0.25,2933,1680,1.75,71.54%,-0.293606,2024-12-24
LUNR,16.65,Call,15.5,2024-12-27,3,1.25,1.33,1.4,1.3,3922,2246,1.75,92.12%,0.816764,2024-12-24
MARA,20.15,Call,21,2024-12-27,3,0.21,0.22,0.22,0.21,18857,10791,1.75,70.95%,0.272666,2024-12-24
PLTR,82.38,Call,86,2025-01-10,17,2.62,2.75,2.88,2.62,646,372,1.74,56.89%,0.392602,2024-12-24
PLTR,82.38,Call,91,2025-01-03,10,0.64,0.66,0.68,0.6,646,371,1.74,57.99%,0.164404,2024-12-24
TSLA,462.28,Call,470,2025-01-03,10,16.7,16.95,17.2,17.05,4166,2394,1.74,66.46%,0.466208,2024-12-24
NFLX,932.12,Call,975,2024-12-27,3,0.79,0.9,1.01,0.89,898,519,1.73,33.33%,0.071911,2024-12-24
NFLX,932.12,Call,955,2024-12-27,3,2.5,2.78,3.05,2.5,1504,868,1.73,29.22%,0.187027,2024-12-24
PLTR,82.38,Call,85,2025-01-03,10,1.8,1.89,1.97,1.91,9535,5527,1.73,54.40%,0.386066,2024-12-24
M,16.82,Call,18,2025-01-24,31,0.39,0.43,0.47,0.38,501,292,1.72,44.48%,0.323216,2024-12-24
PLTR,82.38,Put,80,2025-01-03,10,1.76,1.8,1.83,1.79,3894,2258,1.72,53.30%,-0.34908,2024-12-24
BABA,85.52,Call,105,2025-02-21,59,0.96,0.99,1.01,0.98,10155,5915,1.72,44.28%,0.136823,2024-12-24
PLTR,82.38,Put,90,2024-12-27,3,7.55,7.7,7.85,8.39,657,385,1.71,59.66%,-0.948019,2024-12-24
COIN,279.62,Call,272.5,2024-12-27,3,9.65,10.08,10.5,9.95,692,404,1.71,56.31%,0.704664,2024-12-24
MO,53.47,Put,52,2024-12-27,3,0.09,0.11,0.12,0.1,854,499,1.71,28.57%,-0.140035,2024-12-24
ACHR,10.8,Call,10.5,2025-01-03,10,0.85,0.9,0.95,0.9,1409,823,1.71,104.46%,0.601127,2024-12-24
OKLO,23.61,Call,24,2024-12-27,3,0.55,0.6,0.65,0.6,1486,868,1.71,90.16%,0.438313,2024-12-24
XOM,106.4,Call,108,2025-01-03,10,0.69,0.71,0.73,0.72,1837,1077,1.71,19.33%,0.327903,2024-12-24
JD,36.46,Call,42.5,2025-06-20,178,2.72,2.99,3.25,2.71,2902,1702,1.71,52.91%,0.383121,2024-12-24
AMD,126.29,Put,124,2024-12-27,3,0.5,0.54,0.58,0.58,8270,4831,1.71,32.23%,-0.257304,2024-12-24
SOUN,20.24,Call,22,2025-01-03,10,1.11,1.18,1.24,1.15,4620,2710,1.7,136.11%,0.400418,2024-12-24
TTE,54.32,Call,57.5,2025-01-17,24,0.15,0.2,0.25,0.25,9104,5357,1.7,21.82%,0.160122,2024-12-24
CVS,44.25,Call,44.5,2024-12-27,3,0.3,0.32,0.35,0.31,937,555,1.69,26.51%,0.410133,2024-12-24
META,607.75,Call,617.5,2024-12-27,3,1.26,1.41,1.55,1.5,1307,774,1.69,21.90%,0.219057,2024-12-24
PPC,46.3,Put,46,2025-01-17,24,1.45,1.48,1.5,1.45,1774,1047,1.69,21.71%,-0.595007,2024-12-24
COIN,279.62,Call,300,2025-01-03,10,4.4,4.5,4.6,4.54,2459,1454,1.69,62.71%,0.269447,2024-12-24
MARA,20.15,Call,19.5,2024-12-27,3,0.89,0.92,0.94,0.88,3533,2089,1.69,72.85%,0.703664,2024-12-24
MSFT,439.33,Call,437.5,2024-12-27,3,2.98,3.24,3.5,3.37,5530,3264,1.69,14.24%,0.637801,2024-12-24
PLTR,82.38,Call,82,2024-12-27,3,1.7,1.73,1.75,1.73,13228,7844,1.69,51.04%,0.552021,2024-12-24
BIRK,60.15,Put,60,2025-01-17,24,1.65,1.83,2,1.82,647,384,1.68,32.03%,-0.46112,2024-12-24
AVGO,239.68,Call,260,2025-01-10,17,1.88,2.11,2.34,2.09,1912,1136,1.68,40.18%,0.190103,2024-12-24
XPEV,12.98,Put,12.5,2025-01-03,10,0.23,0.25,0.27,0.25,3529,2104,1.68,54.11%,-0.316705,2024-12-24
AVGO,239.68,Put,230,2025-01-10,17,3.6,3.65,3.7,3.65,588,353,1.67,37.79%,-0.286695,2024-12-24
NFLX,932.12,Call,915,2024-12-27,3,19.6,20.38,21.15,19.4,1961,1191,1.65,27.30%,0.781057,2024-12-24
TSLA,462.28,Call,480,2024-12-27,3,3.25,3.33,3.4,3.39,26780,16243,1.65,57.27%,0.244543,2024-12-24
NFLX,932.12,Put,915,2024-12-27,3,2.8,3.1,3.4,3.3,585,356,1.64,28.74%,-0.230655,2024-12-24
SNOW,163.06,Put,145,2025-02-21,59,2.82,2.88,2.94,2.9,1269,772,1.64,38.80%,-0.192038,2024-12-24
SMCI,34.33,Put,25,2025-01-03,10,0.1,0.11,0.11,0.1,1384,844,1.64,113.11%,-0.036448,2024-12-24
CLSK,10.66,Call,10.5,2024-12-27,3,0.32,0.4,0.48,0.36,4540,2762,1.64,70.66%,0.607843,2024-12-24
COIN,279.62,Call,312.5,2024-12-27,3,0.35,0.48,0.6,0.37,586,359,1.63,72.59%,0.049372,2024-12-24
GS,582.79,Call,590,2024-12-27,3,1.05,1.18,1.3,1.15,651,399,1.63,17.23%,0.221403,2024-12-24
QUBT,17.09,Put,15.5,2024-12-27,3,0.4,0.43,0.45,0.45,675,415,1.63,180.90%,-0.247872,2024-12-24
MRVL,115.95,Call,120,2025-01-03,10,1.15,1.21,1.28,1.2,980,602,1.63,34.96%,0.292871,2024-12-24
SMCI,34.33,Put,34,2025-01-03,10,1.56,1.6,1.64,1.56,1172,719,1.63,77.07%,-0.441561,2024-12-24
AMC,4.06,Call,5,2025-02-21,59,0.4,0.41,0.41,0.4,3321,2035,1.63,108.66%,0.398462,2024-12-24
MARA,20.15,Call,20,2025-01-03,10,1.14,1.16,1.18,1.18,3590,2196,1.63,82.41%,0.552383,2024-12-24
TSLA,462.28,Call,460,2025-01-10,17,27.25,27.45,27.65,27.44,5491,3367,1.63,65.12%,0.547681,2024-12-24
PLTR,82.38,Call,87,2024-12-27,3,0.28,0.3,0.31,0.28,6067,3714,1.63,53.99%,0.139353,2024-12-24
CLMT,20.62,Call,21,2025-01-17,24,1,1.13,1.25,1.1,824,510,1.62,62.54%,0.473133,2024-12-24
U,22.8,Call,22.5,2024-12-27,3,0.48,0.59,0.7,0.66,824,510,1.62,59.92%,0.609331,2024-12-24
GME,31.14,Put,31,2024-12-27,3,0.62,0.66,0.69,0.69,847,523,1.62,67.44%,-0.45853,2024-12-24
OXY,48.12,Call,50,2025-01-10,17,0.38,0.4,0.41,0.4,1947,1200,1.62,25.45%,0.257969,2024-12-24
PLTR,82.38,Put,79,2024-12-27,3,0.37,0.38,0.39,0.4,7015,4341,1.62,51.75%,-0.177904,2024-12-24
BABA,85.52,Call,95,2025-01-24,31,0.73,0.82,0.9,0.82,569,354,1.61,37.14%,0.173155,2024-12-24
CORZ,14.96,Call,14.5,2024-12-27,3,0.55,0.6,0.65,0.55,1079,669,1.61,47.32%,0.775715,2024-12-24
NFLX,932.12,Call,945,2024-12-27,3,4.35,4.7,5.05,4.7,1433,891,1.61,28.61%,0.30768,2024-12-24
TSLA,462.28,Put,410,2024-12-27,3,0.38,0.39,0.4,0.39,14030,8722,1.61,72.91%,-0.031894,2024-12-24
RVPH,1.78,Call,2,2026-01-16,388,0.7,0.9,1.1,0.7,595,373,1.6,105.66%,0.684165,2024-12-24
NVDA,140.22,Put,155,2025-04-17,114,22.45,22.67,22.9,22.85,1029,642,1.6,47.21%,-0.589128,2024-12-24
TSLA,462.28,Call,530,2025-01-03,10,3.35,3.43,3.5,3.35,2474,1552,1.59,69.59%,0.131551,2024-12-24
NVDA,140.22,Put,140,2025-01-03,10,2.6,2.68,2.76,2.81,8191,5164,1.59,30.91%,-0.470439,2024-12-24
ATOM,10.22,Call,15,2025-01-17,24,0.45,0.48,0.5,0.5,652,412,1.58,162.80%,0.240804,2024-12-24
LW,63.69,Put,65,2025-04-17,114,5.7,6.4,7.1,5.9,780,493,1.58,38.12%,-0.484921,2024-12-24
TSLA,462.28,Call,600,2025-07-18,206,51.7,52.48,53.25,51.3,1029,651,1.58,66.30%,0.410631,2024-12-24
MSTR,358.18,Call,365,2024-12-27,3,6.9,7.23,7.55,7,4875,3094,1.58,76.43%,0.408081,2024-12-24
PLTR,82.38,Put,76,2025-01-03,10,0.69,0.72,0.75,0.74,6412,4066,1.58,55.40%,-0.174481,2024-12-24
BAC,44.38,Call,45.5,2025-01-03,10,0.15,0.19,0.22,0.16,790,502,1.57,18.20%,0.213447,2024-12-24
RUM,12.68,Put,13,2024-12-27,3,0.8,0.85,0.9,0.8,2004,1275,1.57,135.66%,-0.555259,2024-12-24
ARM,131.79,Put,128,2024-12-27,3,0.33,0.44,0.55,0.51,530,339,1.56,38.72%,-0.195486,2024-12-24
AAPL,258.2,Call,267.5,2025-01-03,10,0.17,0.18,0.18,0.18,1643,1054,1.56,13.89%,0.069283,2024-12-24
UL,57.19,Put,57.5,2025-02-21,59,1.6,1.68,1.75,1.65,577,372,1.55,16.83%,-0.508263,2024-12-24
RUM,12.68,Put,11.5,2024-12-27,3,0.15,0.2,0.25,0.18,868,561,1.55,135.88%,-0.195675,2024-12-24
NFLX,932.12,Put,905,2024-12-27,3,1.31,1.56,1.8,1.65,887,574,1.55,29.60%,-0.130134,2024-12-24
IONQ,44.58,Call,44,2024-12-27,3,1.91,2.08,2.25,2.12,1491,963,1.55,112.85%,0.572464,2024-12-24
MSTR,358.18,Call,342.5,2024-12-27,3,19.7,20.25,20.8,20.4,561,364,1.54,84.44%,0.734921,2024-12-24
PLTR,82.38,Put,85,2025-04-17,114,13.35,13.48,13.6,13.83,807,523,1.54,68.49%,-0.447152,2024-12-24
SMCI,34.33,Call,37,2025-01-03,10,0.83,0.86,0.88,0.86,2631,1711,1.54,80.39%,0.312957,2024-12-24
AMZN,229.05,Call,227.5,2024-12-27,3,2.43,2.51,2.58,2.53,17131,11095,1.54,19.17%,0.662706,2024-12-24
AMD,126.29,Put,150,2025-01-10,17,23.5,23.83,24.15,24.05,595,390,1.53,54.40%,-0.925966,2024-12-24
SOUN,20.24,Call,19.5,2024-12-27,3,1.21,1.28,1.35,1.35,1226,803,1.53,129.41%,0.647738,2024-12-24
TSLA,462.28,Call,435,2024-12-27,3,27.4,28.7,30,29,11953,7827,1.53,59.68%,0.87657,2024-12-24
NVDA,140.22,Call,145,2025-01-03,10,1.28,1.29,1.29,1.28,49079,32007,1.53,32.37%,0.281991,2024-12-24
AAPL,258.2,Call,257.5,2025-01-10,17,4.1,4.18,4.25,4.1,513,337,1.52,15.71%,0.56001,2024-12-24
RGTI,11.35,Call,10.5,2025-01-03,10,1.55,1.6,1.65,1.68,621,408,1.52,155.32%,0.668578,2024-12-24
DJT,35.79,Call,36,2025-01-03,10,1.33,1.37,1.4,1.35,624,410,1.52,60.48%,0.501379,2024-12-24
MSTR,358.18,Call,412.5,2024-12-27,3,0.55,0.59,0.63,0.5,639,420,1.52,91.62%,0.049053,2024-12-24
AMAT,168.37,Call,175,2025-01-03,10,0.7,0.77,0.85,0.76,901,591,1.52,25.81%,0.194547,2024-12-24
SMCI,34.33,Call,38,2025-01-03,10,0.62,0.65,0.68,0.65,2897,1905,1.52,81.81%,0.25026,2024-12-24
PTON,9.36,Call,10,2025-01-10,17,0.41,0.44,0.46,0.42,6582,4322,1.52,82.52%,0.393157,2024-12-24
TSLA,462.28,Put,422.5,2025-01-03,10,5.05,5.15,5.25,5.1,704,466,1.51,64.23%,-0.181536,2024-12-24
MSTR,358.18,Put,337.5,2024-12-27,3,2.62,2.75,2.88,2.68,726,481,1.51,77.50%,-0.187759,2024-12-24
MSTR,358.18,Call,372.5,2024-12-27,3,4.45,4.75,5.05,4.73,809,537,1.51,78.05%,0.303739,2024-12-24
OXY,48.12,Call,48.5,2024-12-27,3,0.18,0.19,0.2,0.19,2103,1389,1.51,19.68%,0.337039,2024-12-24
SMCI,34.33,Call,33.5,2024-12-27,3,1.28,1.33,1.38,1.35,2428,1613,1.51,70.52%,0.662911,2024-12-24
QUBT,17.09,Put,16.5,2024-12-27,3,0.7,0.75,0.8,0.75,1026,683,1.5,168.47%,-0.378161,2024-12-24
MSTR,358.18,Call,380,2025-01-03,10,11.3,11.6,11.9,11.5,571,384,1.49,83.98%,0.364116,2024-12-24
GS,582.79,Call,575,2024-12-27,3,7.3,8.38,9.45,8.05,905,607,1.49,10.01%,0.934001,2024-12-24
NVDA,140.22,Call,174,2025-03-21,87,4,4.05,4.1,3.95,2258,1518,1.49,49.20%,0.231166,2024-12-24
BX,175.69,Put,180,2025-02-21,59,10,11.13,12.25,10.31,580,393,1.48,29.35%,-0.548431,2024-12-24
TSLA,462.28,Call,465,2025-01-10,17,24.6,25.4,26.2,24.72,1194,805,1.48,64.26%,0.516577,2024-12-24
PLTR,82.38,Call,86,2025-01-03,10,1.56,1.61,1.66,1.58,1676,1131,1.48,54.36%,0.337285,2024-12-24
TSLA,462.28,Put,270,2025-01-03,10,0.23,0.25,0.27,0.27,2393,1621,1.48,139.54%,-0.007178,2024-12-24
COIN,279.62,Call,290,2024-12-27,3,2.2,2.38,2.56,2.61,2570,1737,1.48,60.34%,0.263507,2024-12-24
SMCI,34.33,Call,37.5,2024-12-27,3,0.13,0.15,0.16,0.15,2886,1953,1.48,81.25%,0.123553,2024-12-24
WYNN,88.78,Put,100,2025-02-21,59,11.35,11.9,12.45,12.39,500,341,1.47,35.28%,-0.778956,2024-12-24
PLTR,82.38,Call,89,2025-01-03,10,0.88,0.95,1.02,0.86,952,647,1.47,56.79%,0.222806,2024-12-24
COIN,279.62,Call,285,2024-12-27,3,3.55,3.65,3.75,3.75,1719,1167,1.47,59.03%,0.373436,2024-12-24
NFLX,932.12,Call,922.5,2024-12-27,3,14.35,15.18,16,15,545,373,1.46,27.38%,0.671741,2024-12-24
ARM,131.79,Call,140,2025-01-03,10,0.99,1.08,1.16,1.02,573,393,1.46,41.79%,0.205504,2024-12-24
COST,958.82,Call,955,2024-12-27,3,6.15,7.38,8.6,7.17,601,411,1.46,13.97%,0.635555,2024-12-24
TSLA,462.28,Call,517.5,2024-12-27,3,0.2,0.21,0.21,0.2,960,656,1.46,60.56%,0.021628,2024-12-24
NFLX,932.12,Call,920,2024-12-27,3,15.65,16.48,17.3,17,1489,1017,1.46,28.40%,0.703736,2024-12-24
SMCI,34.33,Call,33,2024-12-27,3,1.64,1.68,1.72,1.69,6451,4413,1.46,70.44%,0.744192,2024-12-24
TSM,206.33,Call,300,2025-05-16,143,2.15,2.21,2.27,2.2,601,414,1.45,40.68%,0.098121,2024-12-24
IONQ,44.58,Call,46,2024-12-27,3,1.02,1.29,1.55,1.29,1145,792,1.45,116.71%,0.405117,2024-12-24
RGTI,11.35,Call,11,2025-02-21,59,3,3.1,3.2,3.07,2105,1456,1.45,162.47%,0.650071,2024-12-24
LITM,0.5849,Call,1,2025-01-17,24,0.15,0.18,0.2,0.15,3761,2590,1.45,416.10%,0.513335,2024-12-24
TDS,34.37,Put,30,2025-08-15,234,3.5,3.65,3.8,3.7,3895,2678,1.45,58.33%,-0.285826,2024-12-24
TSLA,462.28,Call,500,2025-01-03,10,7.7,7.83,7.95,7.9,19311,13290,1.45,68.00%,0.264294,2024-12-24
WMT,92.68,Call,92,2025-01-10,17,1.76,1.81,1.86,1.83,779,542,1.44,17.35%,0.601657,2024-12-24
SMR,21.01,Call,21,2024-12-27,3,0.55,0.6,0.65,0.6,1118,779,1.44,77.86%,0.518775,2024-12-24
TSLA,462.28,Call,540,2025-01-03,10,2.57,2.63,2.68,2.56,1838,1280,1.44,71.18%,0.105622,2024-12-24
TSLA,462.28,Call,425,2024-12-27,3,36.75,37.85,38.95,38.25,7420,5163,1.44,63.73%,0.931947,2024-12-24
MARA,20.15,Call,20,2024-12-27,3,0.59,0.6,0.61,0.6,12459,8667,1.44,71.32%,0.560962,2024-12-24
COIN,279.62,Call,317.5,2024-12-27,3,0.22,0.25,0.28,0.26,748,524,1.43,75.71%,0.035037,2024-12-24
DV,19.76,Call,22.5,2025-01-17,24,0.1,0.13,0.15,0.2,1000,699,1.43,41.28%,0.125699,2024-12-24
RUM,12.68,Put,13,2025-01-03,10,1.45,1.5,1.55,1.53,1066,747,1.43,162.32%,-0.482071,2024-12-24
TSLA,462.28,Put,460,2024-12-27,3,7.7,7.8,7.9,7.9,5192,3627,1.43,54.34%,-0.447909,2024-12-24
TSLA,462.28,Call,480,2025-01-03,10,13.1,13.27,13.45,13.3,6849,4782,1.43,66.81%,0.391963,2024-12-24
LUNR,16.65,Call,18,2025-01-03,10,0.6,0.65,0.7,0.65,743,522,1.42,105.06%,0.361436,2024-12-24
TSLA,462.28,Call,442.5,2025-01-03,10,31.1,31.28,31.45,30.3,879,621,1.42,65.23%,0.680848,2024-12-24
CZR,33.33,Call,30,2025-01-17,24,3.65,4.23,4.8,3.6,1003,706,1.42,64.68%,0.768778,2024-12-24
DJT,35.79,Call,37.5,2024-12-27,3,0.12,0.16,0.19,0.17,1010,710,1.42,54.55%,0.180887,2024-12-24
NVDA,140.22,Call,143,2025-01-17,24,4.5,4.55,4.6,4.55,1537,1083,1.42,39.14%,0.453309,2024-12-24
META,607.75,Call,600,2024-12-27,3,9.4,9.7,10,9.9,5217,3667,1.42,22.64%,0.742681,2024-12-24
TSLA,462.28,Call,900,2025-06-20,178,15.1,15.25,15.4,15.05,535,379,1.41,72.56%,0.153911,2024-12-24
TSLA,462.28,Put,417.5,2025-01-03,10,4.2,4.28,4.35,4.48,623,443,1.41,65.06%,-0.156251,2024-12-24
LUNR,16.65,Put,15,2024-12-27,3,0.1,0.13,0.15,0.12,635,450,1.41,110.24%,-0.136205,2024-12-24
KULR,3.42,Put,3,2025-01-17,24,0.5,0.55,0.6,0.5,707,500,1.41,214.23%,-0.302428,2024-12-24
PLTR,82.38,Call,93,2025-01-03,10,0.45,0.47,0.49,0.47,1022,724,1.41,59.71%,0.121879,2024-12-24
AMZN,229.05,Call,227.5,2025-01-03,10,4,4.1,4.2,4.15,2186,1548,1.41,20.96%,0.597667,2024-12-24
AVGO,239.68,Call,247.5,2024-12-27,3,0.82,0.85,0.87,0.85,2560,1821,1.41,38.76%,0.187141,2024-12-24
GOOG,197.57,Put,195,2024-12-27,3,0.52,0.65,0.77,0.56,2852,2020,1.41,21.52%,-0.24337,2024-12-24
SMCI,34.33,Put,31,2025-01-03,10,0.53,0.57,0.6,0.59,539,385,1.4,83.24%,-0.206913,2024-12-24
QBTS,7.95,Put,6,2025-01-03,10,0.2,0.23,0.25,0.2,661,472,1.4,184.26%,-0.14034,2024-12-24
AAL,17.35,Put,16.5,2025-01-03,10,0.1,0.11,0.12,0.12,704,503,1.4,37.22%,-0.196325,2024-12-24
EL,75.08,Put,75,2025-06-20,178,9,9.2,9.4,9.1,812,581,1.4,46.26%,-0.42204,2024-12-24
TSLA,462.28,Call,507.5,2024-12-27,3,0.44,0.52,0.59,0.44,1266,902,1.4,59.21%,0.044103,2024-12-24
SBUX,89.91,Call,89,2024-12-27,3,1.2,1.28,1.35,1.25,2066,1474,1.4,21.45%,0.705201,2024-12-24
VZ,39.8,Call,42,2025-03-21,87,0.48,0.57,0.66,0.66,8569,6110,1.4,19.88%,0.287352,2024-12-24
TSLA,462.28,Call,430,2024-12-27,3,32.2,33.48,34.75,33.45,13605,9746,1.4,59.96%,0.913923,2024-12-24
WOLF,7.75,Call,4,2025-01-17,24,2.35,3.08,3.8,3.7,1001,718,1.39,151.95%,0.971259,2024-12-24
MSTR,358.18,Put,325,2024-12-27,3,1.27,1.35,1.42,1.35,2186,1568,1.39,86.14%,-0.098858,2024-12-24
CVX,143.84,Call,155,2025-03-21,87,1.78,1.8,1.82,1.81,2304,1662,1.39,19.84%,0.232734,2024-12-24
RIVN,14.06,Call,14.5,2024-12-27,3,0.13,0.14,0.14,0.13,21575,15542,1.39,57.79%,0.289366,2024-12-24
IONQ,44.58,Put,42.5,2024-12-27,3,0.95,1.09,1.22,1.01,507,367,1.38,119.09%,-0.308721,2024-12-24
MDB,243,Call,262.5,2024-12-27,3,0.09,0.13,0.17,0.15,567,412,1.38,46.86%,0.036951,2024-12-24
HWM,112.04,Put,105,2025-04-17,114,4.5,4.6,4.7,4.8,588,426,1.38,33.50%,-0.310664,2024-12-24
NFLX,932.12,Call,927.5,2024-12-27,3,11.35,12.13,12.9,11.15,698,506,1.38,28.09%,0.587785,2024-12-24
AMZN,229.05,Call,242.5,2025-01-03,10,0.16,0.18,0.19,0.17,736,533,1.38,20.59%,0.052361,2024-12-24
IONQ,44.58,Put,39,2024-12-27,3,0.13,0.27,0.41,0.25,838,609,1.38,121.70%,-0.102003,2024-12-24
BIDU,88.05,Put,90,2025-02-21,59,5.65,5.75,5.85,5.75,1059,766,1.38,35.22%,-0.52032,2024-12-24
JD,36.46,Put,40,2025-03-21,87,5.25,5.3,5.35,5.25,3000,2172,1.38,40.67%,-0.646225,2024-12-24
AMZN,229.05,Put,227.5,2024-12-27,3,0.9,0.94,0.98,0.96,6127,4440,1.38,19.94%,-0.344039,2024-12-24
AAPL,258.2,Call,257.5,2024-12-27,3,1.57,1.66,1.74,1.7,50761,36865,1.38,13.62%,0.599572,2024-12-24
COIN,279.62,Call,287.5,2024-12-27,3,2.84,3.02,3.2,3,563,411,1.37,59.68%,0.315588,2024-12-24
JD,36.46,Call,36.5,2024-12-27,3,0.35,0.38,0.4,0.32,1450,1059,1.37,30.26%,0.485913,2024-12-24
MCD,293.99,Call,300,2025-01-03,10,0.58,0.63,0.68,0.66,2408,1755,1.37,13.28%,0.18792,2024-12-24
SMCI,34.33,Call,32.5,2024-12-27,3,1.95,2.04,2.12,2.04,2859,2093,1.37,66.70%,0.826931,2024-12-24
AVGO,239.68,Call,250,2025-01-03,10,2.21,2.24,2.27,2.25,13731,10005,1.37,37.09%,0.260672,2024-12-24
NFLX,932.12,Call,952.5,2024-12-27,3,2.86,3.11,3.35,3.13,1029,755,1.36,29.81%,0.219538,2024-12-24
LUNR,16.65,Call,17.5,2024-12-27,3,0.25,0.28,0.3,0.27,611,453,1.35,97.20%,0.302575,2024-12-24
AMD,126.29,Call,133,2025-01-03,10,0.8,0.82,0.84,0.76,860,639,1.35,35.49%,0.202759,2024-12-24
JPM,242.31,Call,245,2025-01-03,10,1.52,1.58,1.64,1.55,2162,1598,1.35,16.33%,0.354829,2024-12-24
AVGO,239.68,Call,245,2024-12-27,3,1.26,1.3,1.33,1.3,11288,8371,1.35,37.42%,0.266879,2024-12-24
IBM,224.41,Call,225,2024-12-27,3,0.81,0.96,1.1,1.03,707,529,1.34,15.91%,0.433618,2024-12-24
RIVN,14.06,Call,14.5,2025-01-03,10,0.43,0.45,0.47,0.43,2029,1515,1.34,65.68%,0.413619,2024-12-24
MSFT,439.33,Put,437.5,2024-12-27,3,1.25,1.36,1.46,1.36,2524,1888,1.34,13.86%,-0.360107,2024-12-24
MSTR,358.18,Put,330,2024-12-27,3,1.66,1.76,1.85,1.76,2844,2118,1.34,82.45%,-0.12754,2024-12-24
MNKD,6.74,Call,7,2025-02-21,59,0.45,0.53,0.6,0.5,6486,4848,1.34,54.69%,0.488171,2024-12-24
INTC,20.4,Call,21.5,2025-01-17,24,0.52,0.54,0.55,0.51,544,409,1.33,45.81%,0.352257,2024-12-24
LUNR,16.65,Put,15.5,2024-12-27,3,0.15,0.2,0.25,0.25,838,630,1.33,116.46%,-0.231548,2024-12-24
OKLO,23.61,Call,23.5,2024-12-27,3,0.75,0.8,0.85,0.8,851,641,1.33,86.82%,0.541104,2024-12-24
TSLA,462.28,Put,455,2025-01-03,10,15.6,15.77,15.95,15.95,929,701,1.33,64.74%,-0.416519,2024-12-24
AMC,4.06,Call,5.5,2025-02-21,59,0.28,0.31,0.34,0.34,1004,756,1.33,116.37%,0.339471,2024-12-24
MSTR,358.18,Put,350,2024-12-27,3,5.6,5.68,5.75,5.75,4109,3078,1.33,72.76%,-0.349055,2024-12-24
BA,179.34,Put,180,2025-05-16,143,14.5,14.8,15.1,15.05,506,384,1.32,33.24%,-0.460582,2024-12-24
QUBT,17.09,Call,25.5,2025-01-03,10,0.4,0.45,0.5,0.55,601,457,1.32,210.19%,0.165489,2024-12-24
MSTR,358.18,Call,410,2025-01-03,10,5.5,5.68,5.85,5.6,613,465,1.32,89.23%,0.20238,2024-12-24
AVGO,239.68,Put,222.5,2025-01-03,10,0.73,0.76,0.78,0.84,664,504,1.32,37.10%,-0.104604,2024-12-24
COIN,279.62,Put,275,2024-12-27,3,3.5,3.65,3.8,3.4,1360,1031,1.32,56.82%,-0.361249,2024-12-24
MSTR,358.18,Put,335,2024-12-27,3,2.2,2.33,2.46,2.33,1625,1230,1.32,79.14%,-0.165298,2024-12-24
TSLA,462.28,Call,520,2025-01-03,10,4.45,4.53,4.6,4.55,3946,2982,1.32,69.34%,0.169143,2024-12-24
WULF,6.23,Put,5,2025-01-17,24,0.2,0.23,0.25,0.2,7188,5465,1.32,103.24%,-0.191091,2024-12-24
NVDA,140.22,Call,144,2024-12-27,3,0.29,0.3,0.31,0.3,26729,20189,1.32,28.61%,0.158851,2024-12-24
SBUX,89.91,Call,90,2025-01-03,10,1.27,1.41,1.55,1.36,712,542,1.31,23.33%,0.501675,2024-12-24
TSLA,462.28,Put,440,2025-01-10,17,13.35,14.13,14.9,14.85,871,666,1.31,63.69%,-0.329775,2024-12-24
NFLX,932.12,Put,895,2024-12-27,3,0.76,0.84,0.92,0.8,905,693,1.31,30.75%,-0.068999,2024-12-24
TSLA,462.28,Call,492.5,2024-12-27,3,1.39,1.42,1.46,1.43,2394,1831,1.31,58.18%,0.121518,2024-12-24
ACHR,10.8,Call,12,2024-12-27,3,0.05,0.08,0.1,0.1,3202,2438,1.31,116.03%,0.172133,2024-12-24
AMD,126.29,Call,129,2024-12-27,3,0.5,0.52,0.54,0.54,6331,4821,1.31,32.79%,0.245905,2024-12-24
CLX,163.43,Call,167.5,2025-01-17,24,1.25,1.35,1.45,1.2,577,445,1.3,17.14%,0.302026,2024-12-24
YUMC,50.42,Put,50,2025-01-17,24,1.2,1.28,1.35,1.35,751,578,1.3,31.03%,-0.434316,2024-12-24
RDDT,177.41,Call,175,2024-12-27,3,4.45,4.7,4.95,4.66,780,598,1.3,51.43%,0.627159,2024-12-24
NFLX,932.12,Call,925,2024-12-27,3,13,13.8,14.6,12.95,1416,1087,1.3,28.65%,0.626248,2024-12-24
PLTR,82.38,Call,90,2025-01-03,10,0.77,0.78,0.79,0.78,6925,5331,1.3,57.05%,0.190206,2024-12-24
META,607.75,Call,605,2025-01-10,17,15.75,16.33,16.9,16.1,570,443,1.29,27.00%,0.555178,2024-12-24
SMCI,34.33,Put,35.5,2024-12-27,3,1.51,1.63,1.74,1.55,1809,1402,1.29,67.11%,-0.69738,2024-12-24
NVDA,140.22,Call,143,2025-01-10,17,3.5,3.88,4.25,3.53,2153,1667,1.29,38.37%,0.431894,2024-12-24
JPM,242.31,Call,242.5,2024-12-27,3,1.25,1.38,1.5,1.3,3117,2410,1.29,15.64%,0.485986,2024-12-24
HOOD,39.58,Call,41,2024-12-27,3,0.18,0.2,0.21,0.18,9594,7418,1.29,45.10%,0.202421,2024-12-24
RUM,12.68,Put,9,2025-04-17,114,1.8,2.18,2.55,1.85,669,522,1.28,147.53%,-0.200173,2024-12-24
AMD,126.29,Call,126,2025-01-17,24,5.4,5.48,5.55,5.4,697,544,1.28,39.36%,0.540407,2024-12-24
TSLA,462.28,Put,260,2025-01-03,10,0.18,0.21,0.23,0.21,778,608,1.28,143.89%,-0.005548,2024-12-24
LUNR,16.65,Call,17,2025-01-03,10,0.9,0.95,1,1.01,974,761,1.28,99.83%,0.485593,2024-12-24
ZIM,21.5,Put,21.16,2024-12-27,3,0.23,0.27,0.3,0.25,1208,945,1.28,50.60%,-0.361904,2024-12-24
MU,89.28,Put,70,2025-04-17,114,1.75,1.79,1.82,1.85,1410,1101,1.28,46.70%,-0.134832,2024-12-24
BABA,85.52,Call,115,2025-02-21,59,0.5,0.52,0.53,0.53,4314,3379,1.28,48.93%,0.075626,2024-12-24
TSLA,462.28,Call,495,2024-12-27,3,1.18,1.2,1.22,1.18,5160,4042,1.28,58.26%,0.103546,2024-12-24
MARA,20.15,Call,21,2025-01-10,17,1.22,1.25,1.28,1.2,711,558,1.27,91.82%,0.460455,2024-12-24
TLRY,1.41,Call,1,2024-12-27,3,0.39,0.4,0.41,0.41,1635,1283,1.27,0.00%,0,2024-12-24
TSLA,462.28,Call,440,2025-01-03,10,32.2,33.05,33.9,33,3797,2979,1.27,65.60%,0.69854,2024-12-24
WULF,6.23,Call,13,2025-03-21,87,0.25,0.3,0.35,0.35,4473,3518,1.27,146.11%,0.190442,2024-12-24
DLTR,73.38,Put,130,2025-01-17,24,55.55,56.88,58.2,56.25,6110,4803,1.27,168.92%,-0.866809,2024-12-24
CLF,9.46,Call,9,2024-12-27,3,0.36,0.44,0.51,0.49,504,399,1.26,50.12%,0.869125,2024-12-24
DLTR,73.38,Put,100,2025-01-17,24,25.95,26.92,27.9,26.55,1000,792,1.26,105.83%,-0.843648,2024-12-24
META,607.75,Call,630,2025-01-24,31,11.75,12,12.25,12.15,2611,2070,1.26,28.76%,0.36475,2024-12-24
ACHR,10.8,Call,10,2024-12-27,3,0.8,0.85,0.9,0.84,12928,10231,1.26,70.46%,0.892962,2024-12-24
CVS,44.25,Call,44,2024-12-27,3,0.51,0.57,0.62,0.58,546,437,1.25,28.01%,0.591582,2024-12-24
MSTR,358.18,Call,367.5,2024-12-27,3,5.9,6.3,6.7,6.1,657,525,1.25,76.48%,0.370425,2024-12-24
SBUX,89.91,Put,88,2024-12-27,3,0.1,0.14,0.17,0.15,721,578,1.25,23.30%,-0.15081,2024-12-24
ACHR,10.8,Call,12,2025-01-03,10,0.35,0.4,0.45,0.45,900,720,1.25,123.21%,0.341289,2024-12-24
HOOD,39.58,Put,37,2025-02-21,59,2.88,3.01,3.15,3.09,1517,1213,1.25,71.36%,-0.34514,2024-12-24
PEP,152.81,Put,170,2025-01-17,24,16.65,17.03,17.4,17.85,1934,1542,1.25,26.76%,-0.937489,2024-12-24
JPM,242.31,Call,245,2024-12-27,3,0.4,0.45,0.49,0.45,2490,1993,1.25,15.78%,0.226058,2024-12-24
LUNR,16.65,Call,16,2024-12-27,3,0.9,0.95,1,0.95,4702,3753,1.25,95.31%,0.694359,2024-12-24
MSTR,358.18,Put,260,2025-01-03,10,1.98,2.12,2.25,2.11,520,418,1.24,132.50%,-0.057577,2024-12-24
QBTS,7.95,Put,8,2025-01-03,10,0.95,1.03,1.1,1.15,560,453,1.24,191.56%,-0.443656,2024-12-24
PLTR,82.38,Put,78,2025-01-10,17,2,2.11,2.21,2.1,854,689,1.24,57.41%,-0.302628,2024-12-24
NFLX,932.12,Call,937.5,2024-12-27,3,6.95,7.38,7.8,7.1,1381,1114,1.24,27.83%,0.420201,2024-12-24
COIN,279.62,Put,150,2025-01-03,10,0.1,0.12,0.14,0.11,1482,1194,1.24,152.09%,-0.004611,2024-12-24
SMCI,34.33,Call,36,2025-01-03,10,1.07,1.13,1.18,1.11,1570,1265,1.24,78.00%,0.384283,2024-12-24
TSLA,462.28,Put,435,2025-01-03,10,8.1,8.2,8.3,8.2,2104,1696,1.24,63.97%,-0.261976,2024-12-24
"Downloaded from Barchart.com as of 02-04-2025 01:12pm CST"
